#CELL	CLUSTER	CLONE
AAACCTGAGATCTGCT	59	Clone59
AAACCTGGTACCGCTG	4	Clone4
AAACCTGGTGCTGTAT	4	Clone4
AAACCTGTCCGCGGAT	183	None
AAACGGGCATGTATGC	4	Clone4
AAACGGGGTGACATGG	4	Clone4
AAACGGGTCGTGTGGC	4	Clone4
AAAGATGAGTGTCTCA	4	Clone4
AAAGATGGTAAGTGTA	4	Clone4
AAAGATGGTGCGTCAC	4	Clone4
AAAGATGGTGTAAAGT	4	Clone4
AAAGATGGTTGGTATC	4	Clone4
AAAGATGTCTCATCTA	4	Clone4
AAAGATGTCTCATGTT	99	None
AAAGCAAAGATCTGAA	4	Clone4
AAAGCAAAGCCAACAG	4	Clone4
AAAGCAAAGCCCGAAA	14	None
AAAGCAAAGTGGCACA	4	Clone4
AAAGCAACAGGGATCA	4	Clone4
AAAGCAAGTACCTTGA	4	Clone4
AAAGCAATCAACAGCT	4	Clone4
AAAGCAATCGATAAGA	4	Clone4
AAAGTAGAGTGGCACA	4	Clone4
AAAGTAGGTAGATGCG	4	Clone4
AAAGTAGTCACTCATT	4	Clone4
AAATGCCAGACTGGCA	4	Clone4
AAATGCCAGGTGTGGT	4	Clone4
AAATGCCCATCATGGT	4	Clone4
AAATGCCCATCTGTAG	37	None
AAATGCCGTACTGCTA	4	Clone4
AAATGCCTCCCGTTGT	90	None
AAATGCCTCCCTAAGA	4	Clone4
AAATGCCTCCGACGTG	4	Clone4
AACACGTTCGACCATA	4	Clone4
AACACGTTCTGTGGCG	4	Clone4
AACCATGAGTGGAGTC	4	Clone4
AACCATGCAATGGGAC	4	Clone4
AACCATGCATTTGCGA	4	Clone4
AACCATGTCAAGCCAT	4	Clone4
AACCATGTCGGTAAGG	4	Clone4
AACCGCGAGCTAAGAT	4	Clone4
AACCGCGCAAACTCAC	4	Clone4
AACCGCGTCGGTGCGT	4	Clone4
AACGTTGCAACATCAC	4	Clone4
AACGTTGCAATCCGTA	4	Clone4
AACGTTGCAGGTCAAG	4	Clone4
AACGTTGCATGCGTGC	4	Clone4
AACGTTGTCCACGATA	4	Clone4
AACGTTGTCGACCCTT	4	Clone4
AACGTTGTCGCGCACA	4	Clone4
AACTCAGAGGTGCTAG	4	Clone4
AACTCAGGTACGTGCC	4	Clone4
AACTCAGGTGACCAAG	4	Clone4
AACTCCCCACCTTGCT	4	Clone4
AACTCCCGTATGCGGA	4	Clone4
AACTCCCTCATAGGAA	4	Clone4
AACTCCCTCCTGCGTT	4	Clone4
AACTCCCTCGGAGAGT	4	Clone4
AACTCTTAGACAGACC	4	Clone4
AACTCTTAGGGAAACA	4	Clone4
AACTCTTCAAACTCAC	4	Clone4
AACTCTTTCAGGACTT	4	Clone4
AACTGGTTCACCGCAG	4	Clone4
AACTGGTTCGAGGTGA	4	Clone4
AACTTTCAGGCTAGAC	56	None
AACTTTCAGGCTAGCA	4	Clone4
AACTTTCCAACACCGC	4	Clone4
AACTTTCCAACCGGAA	4	Clone4
AACTTTCCAATGGCAG	4	Clone4
AACTTTCCACGATCTA	4	Clone4
AACTTTCCAGGTCTGC	4	Clone4
AACTTTCGTACCAACT	4	Clone4
AACTTTCTCTAGCTAG	4	Clone4
AACTTTCTCTGGTCCT	4	Clone4
AAGACCTCACTCTGGG	4	Clone4
AAGACCTCATCGTCAA	87	None
AAGACCTCATTCCGAA	4	Clone4
AAGACCTGTAGGTTTC	4	Clone4
AAGACCTTCAAGCCAT	4	Clone4
AAGACCTTCCGCACGA	4	Clone4
AAGACCTTCCGTCTAC	4	Clone4
AAGACCTTCGCTATTT	4	Clone4
AAGCCGCAGTCGTCCG	4	Clone4
AAGCCGCCAGGAGCAT	25	None
AAGCCGCCATTCCGAA	4	Clone4
AAGCCGCGTAACTTCG	4	Clone4
AAGCCGCGTCGTAATC	173	None
AAGCCGCGTGTGATCT	4	Clone4
AAGCCGCGTTGCCAAT	4	Clone4
AAGGAGCAGCCCAGCT	4	Clone4
AAGGAGCAGTAACCCT	4	Clone4
AAGGAGCAGTACGTTC	71	Clone71
AAGGAGCAGTCGACTT	4	Clone4
AAGGAGCCACAGCTGC	4	Clone4
AAGGAGCCATATGTGC	4	Clone4
AAGGAGCGTGGAAACC	4	Clone4
AAGGAGCGTGTGTTCA	4	Clone4
AAGGCAGCAATTCACG	4	Clone4
AAGGCAGGTAGACGAC	59	Clone59
AAGGCAGTCTACGGGC	4	Clone4
AAGGCAGTCTCATACT	4	Clone4
AAGGTTCAGTCCATAC	4	Clone4
AAGGTTCAGTGCGATG	4	Clone4
AAGGTTCAGTGCTGCC	4	Clone4
AAGGTTCGTTGCCTCT	4	Clone4
AAGTCTGCACGTCGGT	4	Clone4
AAGTCTGGTACGTTCA	4	Clone4
AAGTCTGGTTCAGGTT	4	Clone4
AATCCAGAGCACAGGT	4	Clone4
AATCCAGAGGGTGTGT	4	Clone4
AATCCAGCAAGCATGG	4	Clone4
AATCCAGCATACGTTG	4	Clone4
AATCCAGGTACAACGG	4	Clone4
AATCCAGTCATAGGAA	81	None
AATCCAGTCATGCGCG	4	Clone4
AATCCAGTCCTGAAGT	151	None
AATCCAGTCGCCTGGA	4	Clone4
AATCGGTAGCTAACTC	4	Clone4
AATCGGTTCCGCTTGT	4	Clone4
ACACCAAAGCTGAAAT	4	Clone4
ACACCAAAGGGCCATA	4	Clone4
ACACCAAAGGTTCCTA	4	Clone4
ACACCAACAAGGGATC	4	Clone4
ACACCAACAAGTGTTC	4	Clone4
ACACCAAGTACGTTTG	4	Clone4
ACACCAAGTGAGCTCC	4	Clone4
ACACCCTAGAGAGCTC	4	Clone4
ACACCCTAGCTGAAAT	4	Clone4
ACACCCTAGGTGCTTT	4	Clone4
ACACCCTCAAATCAGA	4	Clone4
ACACCCTCATCCATAG	4	Clone4
ACACCCTGTAACCGAG	4	Clone4
ACACCCTGTAAGCGCA	4	Clone4
ACACCCTGTGCTTTGA	4	Clone4
ACACCCTTCAGCAGCC	4	Clone4
ACACCGGAGGTACTCT	4	Clone4
ACACCGGCAACCTGAT	4	Clone4
ACACCGGGTGACCCAC	4	Clone4
ACACCGGGTTCCACAA	4	Clone4
ACACCGGGTTGCCTCT	96	None
ACACCGGTCGCCTGGA	4	Clone4
ACACCGGTCTACGGAT	58	None
ACACTGATCCTGAAGT	4	Clone4
ACAGCCGAGCCAACAG	4	Clone4
ACAGCCGAGCTTCAGT	4	Clone4
ACAGCCGAGGCCCTTG	4	Clone4
ACAGCCGCACGTAGGA	4	Clone4
ACAGCCGGTAACTGTC	4	Clone4
ACAGCCGTCTCTCTAA	4	Clone4
ACAGCTAAGGGCTTCC	39	None
ACAGCTAAGTAAGTAC	28	None
ACAGCTAAGTGACTCT	4	Clone4
ACAGCTACAGCGTGTC	4	Clone4
ACAGCTAGTTAGAGCG	4	Clone4
ACAGCTATCCTTGAAG	4	Clone4
ACATACGAGAGTAATC	4	Clone4
ACATCAGAGACAAGCC	4	Clone4
ACATCAGAGGACTGGT	4	Clone4
ACATCAGCAATGGCTT	4	Clone4
ACATCAGTCTAAGTGC	122	None
ACATCAGTCTAGCCTC	4	Clone4
ACATGGTAGAGTCTGG	4	Clone4
ACATGGTGTACCTTGA	4	Clone4
ACATGGTGTGGTGAGT	4	Clone4
ACATGGTTCTTTCGTA	4	Clone4
ACCAGTAAGGGTCGAT	4	Clone4
ACCAGTAAGGTAAACT	4	Clone4
ACCAGTACACGATCTA	4	Clone4
ACCAGTACACGCTGAC	4	Clone4
ACCAGTAGTCAAGTTC	4	Clone4
ACCCACTAGAGTCCTT	53	None
ACCCACTCAACACGTT	4	Clone4
ACCGTAACAAACGGGT	4	Clone4
ACCGTAACAACGGCTC	4	Clone4
ACCGTAACACAGAAAT	4	Clone4
ACCGTAACACGTCATA	4	Clone4
ACCTTTAAGGTGCTAG	4	Clone4
ACCTTTAGTGACCCGT	4	Clone4
ACGAGCCAGGGTTTCT	4	Clone4
ACGAGCCAGTTTGCGT	4	Clone4
ACGAGCCCAGGTTAAA	132	None
ACGAGCCCAGTTCCGG	4	Clone4
ACGAGGAAGGGCTTCC	4	Clone4
ACGAGGACAACAGAGC	4	Clone4
ACGAGGACAACTCGCG	4	Clone4
ACGAGGACACACACGC	4	Clone4
ACGAGGAGTAGCGTCC	4	Clone4
ACGATACAGAGCTATA	4	Clone4
ACGATACCAACTCATG	4	Clone4
ACGATACTCTTGGCCT	4	Clone4
ACGATGTAGGGTTCCC	4	Clone4
ACGATGTAGTAGTGCG	4	Clone4
ACGATGTGTGCTGTAT	4	Clone4
ACGATGTTCCTACGAA	4	Clone4
ACGATGTTCTCAGATG	4	Clone4
ACGATGTTCTCCGGAG	4	Clone4
ACGATGTTCTGGTAGT	4	Clone4
ACGCAGCAGAAGGCCT	4	Clone4
ACGCAGCAGTAGTATG	4	Clone4
ACGCAGCCAAGTGAGC	4	Clone4
ACGCAGCTCCCGTTGT	4	Clone4
ACGCCAGAGAAAGCTT	4	Clone4
ACGCCAGCAACGACTT	4	Clone4
ACGCCAGCACGAGATG	4	Clone4
ACGCCAGCATAGCACT	146	None
ACGCCAGGTCTTCGTC	4	Clone4
ACGCCAGGTTCCCACT	156	None
ACGCCAGTCCGTACCT	4	Clone4
ACGCCAGTCTGGGACC	4	Clone4
ACGCCGACAACCGCTG	4	Clone4
ACGCCGACATATGTGC	4	Clone4
ACGCCGAGTATGTAGA	4	Clone4
ACGCCGAGTCGCTCAG	4	Clone4
ACGCCGAGTCTGCGCA	4	Clone4
ACGCCGAGTGCACACC	4	Clone4
ACGCCGATCTCGAGCG	4	Clone4
ACGCCGATCTGTATTC	4	Clone4
ACGGAGAAGACTAAGT	4	Clone4
ACGGAGACAACACCGC	4	Clone4
ACGGAGACAGCGCTTG	4	Clone4
ACGGAGACAGCTTGAT	4	Clone4
ACGGAGATCACCAGCG	4	Clone4
ACGGAGATCGCTCTAC	4	Clone4
ACGGCCATCAGGACAG	4	Clone4
ACGGCCATCCAACGAT	4	Clone4
ACGGGCTCAAACCCTA	4	Clone4
ACGGGCTCATATCGCA	4	Clone4
ACGGGTCAGGTAGCCA	4	Clone4
ACGGGTCCAACGCTTA	4	Clone4
ACGGGTCCAGACGAAC	59	Clone59
ACGGGTCGTCTCGGTG	4	Clone4
ACGGGTCTCGCAACGC	4	Clone4
ACGTCAACAACGACGA	4	Clone4
ACGTCAAGTGTCGCTG	4	Clone4
ACGTCAAGTTCTTTGT	4	Clone4
ACGTCAATCTGCTAGA	4	Clone4
ACTATCTAGAAAGCTT	4	Clone4
ACTATCTAGCTAGGCA	4	Clone4
ACTATCTCACGTGCGT	4	Clone4
ACTATCTGTAACAATG	4	Clone4
ACTATCTGTGCGCTTG	4	Clone4
ACTATCTGTTAAAGGT	4	Clone4
ACTGAACCAATGTGTC	4	Clone4
ACTGAACCAGGTCTGC	59	Clone59
ACTGAACCATGATGCT	4	Clone4
ACTGAACGTGGTCAAG	4	Clone4
ACTGAACTCAGCATAC	4	Clone4
ACTGAACTCCGTACCT	4	Clone4
ACTGAACTCTGGGCAC	4	Clone4
ACTGAGTAGCACAGGT	4	Clone4
ACTGAGTCAGGATCCC	4	Clone4
ACTGAGTCATTCCGAA	4	Clone4
ACTGAGTGTAACTTCG	4	Clone4
ACTGAGTGTACCTTGA	4	Clone4
ACTGAGTGTCCTAGTA	34	None
ACTGAGTGTGAGCTCC	4	Clone4
ACTGATGAGCCGAACA	4	Clone4
ACTGATGCAGTACTCA	4	Clone4
ACTGATGTCTCCACAC	4	Clone4
ACTGATGTCTGGGACC	59	Clone59
ACTGCTCAGACCTAGG	4	Clone4
ACTGCTCAGCTACCTA	4	Clone4
ACTGCTCCATAGTGAA	4	Clone4
ACTGCTCGTAATATGG	4	Clone4
ACTGCTCGTAGAACAT	4	Clone4
ACTGCTCTCGGCTCAG	4	Clone4
ACTGTCCAGAAAGTGG	4	Clone4
ACTGTCCAGCATTCAC	177	None
ACTGTCCAGTGTCCAT	4	Clone4
ACTGTCCCAGGTCTGC	4	Clone4
ACTTACTAGGTTCCTA	4	Clone4
ACTTACTAGTGTTGAA	59	Clone59
ACTTACTCAGAAGACC	4	Clone4
ACTTGTTAGACCGATG	4	Clone4
ACTTGTTAGTCTCGGC	4	Clone4
ACTTGTTTCTGCTACC	4	Clone4
ACTTTCAAGAACAATC	4	Clone4
ACTTTCAAGCAGGTCA	4	Clone4
ACTTTCAAGGCTGCTC	4	Clone4
ACTTTCACATCCATAG	4	Clone4
ACTTTCAGTCGCCAAC	4	Clone4
ACTTTCATCACTACAG	4	Clone4
ACTTTCATCATTGCTT	4	Clone4
AGAATAGAGTGTGAAT	4	Clone4
AGAATAGGTAGGATAT	186	None
AGAATAGGTTTGGCGC	4	Clone4
AGAATAGTCCCGCATT	4	Clone4
AGACGTTAGCCAAACG	4	Clone4
AGACGTTTCGACAATC	4	Clone4
AGAGCGACAGCGATGA	4	Clone4
AGAGCTTAGCCAGTAG	4	Clone4
AGAGCTTAGCTATCAC	4	Clone4
AGAGCTTCAATGGGAC	4	Clone4
AGAGCTTCATCCAGCG	4	Clone4
AGAGCTTTCGCTATTT	4	Clone4
AGAGTGGCATGATGCT	4	Clone4
AGAGTGGGTAGTAGTA	4	Clone4
AGAGTGGTCGAGAGGT	4	Clone4
AGAGTGGTCTGGTAGT	4	Clone4
AGATCTGGTACTCACA	4	Clone4
AGATTGCAGCGTCAAG	4	Clone4
AGATTGCCAATCGCGC	1	None
AGATTGCCATCCGGCA	4	Clone4
AGATTGCCATGAAAGT	4	Clone4
AGATTGCGTCGCGAAA	63	None
AGATTGCTCACCGGTG	12	None
AGATTGCTCATGCGCG	4	Clone4
AGCAGCCCAACCCTGG	4	Clone4
AGCAGCCCAAGCTATC	4	Clone4
AGCAGCCCAGTGCTGC	4	Clone4
AGCAGCCCATAGGGCA	168	None
AGCAGCCCATTATCCT	4	Clone4
AGCAGCCGTCATACCA	4	Clone4
AGCAGCCTCTCGAACA	4	Clone4
AGCATACAGGCCGAAT	4	Clone4
AGCATACCACTCTCTG	4	Clone4
AGCATACTCACCACGG	4	Clone4
AGCCTAAAGCAATCTC	4	Clone4
AGCCTAAAGCGAGAAA	4	Clone4
AGCCTAACAAGCCAAG	4	Clone4
AGCCTAACACAAGCGA	4	Clone4
AGCCTAATCGACCCTT	4	Clone4
AGCGGTCAGACAGACC	4	Clone4
AGCGGTCGTGTGATCT	4	Clone4
AGCGGTCTCTATGCAG	4	Clone4
AGCGTATAGGTGTAGC	4	Clone4
AGCGTATAGTGTTAGA	4	Clone4
AGCGTATCAGGTCAAG	4	Clone4
AGCGTATGTCTCCACT	4	Clone4
AGCGTATGTGAACACG	4	Clone4
AGCGTATGTTTGTCTT	4	Clone4
AGCGTCGAGGATCGCA	166	None
AGCGTCGCAGACGAAC	4	Clone4
AGCGTCGCATTGGTCA	4	Clone4
AGCGTCGGTGACCCGT	164	None
AGCGTCGGTTTACGGT	4	Clone4
AGCGTCGTCGAGTATC	153	None
AGCTCCTAGCGTGAAC	4	Clone4
AGCTCCTCATTCTTGT	4	Clone4
AGCTCCTGTTCGATTG	4	Clone4
AGCTCCTTCAGCGCGT	4	Clone4
AGCTCCTTCTGATGGT	140	None
AGCTCTCCATTATCCT	179	None
AGCTCTCGTGGTGCAA	4	Clone4
AGCTCTCTCGAGGTGA	4	Clone4
AGCTTGAAGCAGAGAA	4	Clone4
AGCTTGACACTCACCT	4	Clone4
AGCTTGACACTGCGCA	4	Clone4
AGCTTGAGTCCGAAGA	4	Clone4
AGCTTGAGTCGCGTCA	4	Clone4
AGCTTGATCCCACGGA	4	Clone4
AGCTTGATCGTAACCA	4	Clone4
AGCTTGATCGTTCGTC	4	Clone4
AGGCCACAGAGCAATT	4	Clone4
AGGCCACAGTGTTGAA	4	Clone4
AGGCCACCAGGTACGA	67	None
AGGCCACCATTCAGCA	4	Clone4
AGGCCACGTCGCGTAC	4	Clone4
AGGCCACTCATTTGCT	4	Clone4
AGGCCACTCCGATACA	103	None
AGGCCACTCCTACCTG	4	Clone4
AGGCCGTAGGACAGCT	4	Clone4
AGGCCGTAGTGCCATT	4	Clone4
AGGCCGTGTCACCAGC	4	Clone4
AGGCCGTTCTATGGTG	4	Clone4
AGGCCGTTCTCTCTAA	4	Clone4
AGGCCGTTCTGGATCA	4	Clone4
AGGGAGTCAATCCATG	107	None
AGGGAGTCATCCATCC	4	Clone4
AGGGAGTGTACAAGAT	4	Clone4
AGGGAGTGTACTTGCA	4	Clone4
AGGGAGTGTAGATCCT	4	Clone4
AGGGAGTTCATCTCCG	71	Clone71
AGGGAGTTCCAGGCGT	59	Clone59
AGGGATGAGATGTCTC	4	Clone4
AGGGATGAGCTGTCTA	4	Clone4
AGGGATGCACTCTGGG	4	Clone4
AGGGATGCATCATGGT	4	Clone4
AGGGATGGTAGCCCTG	4	Clone4
AGGGATGGTCGCCAAC	4	Clone4
AGGGATGGTCGTGAAG	4	Clone4
AGGGATGGTGATACCT	4	Clone4
AGGGATGTCATCGCGG	4	Clone4
AGGGTGAAGACCTTTG	4	Clone4
AGGGTGAAGCTTTGGT	4	Clone4
AGGGTGACACGACTAT	4	Clone4
AGGGTGAGTGGGAAGG	4	Clone4
AGGTCATAGCTGCCCA	4	Clone4
AGGTCATCAACAGAGC	4	Clone4
AGGTCATCAATTGAAG	4	Clone4
AGGTCATCACCCTCTA	4	Clone4
AGGTCATCATCCATCC	4	Clone4
AGGTCCGGTACAAGAT	4	Clone4
AGGTCCGGTCGCTGTG	4	Clone4
AGGTCCGGTGCTTTCC	4	Clone4
AGGTCCGGTTCAGTAC	4	Clone4
AGGTCCGTCCTTATTG	4	Clone4
AGTAGTCAGCGAACTG	4	Clone4
AGTAGTCAGTCAAGGC	4	Clone4
AGTAGTCAGTCGAGTG	15	None
AGTAGTCCAACACCGC	59	Clone59
AGTAGTCCACTCTCTG	4	Clone4
AGTAGTCGTGAAGCCA	4	Clone4
AGTCTTTAGATTGAGT	4	Clone4
AGTCTTTAGTAGATCA	4	Clone4
AGTCTTTAGTGTTGAA	4	Clone4
AGTCTTTAGTGTTTGC	171	None
AGTCTTTCACTCTTAT	4	Clone4
AGTCTTTCACTTTCCG	4	Clone4
AGTCTTTCAGGCCGTT	4	Clone4
AGTCTTTTCATTGCTT	4	Clone4
AGTCTTTTCGAGTTGT	4	Clone4
AGTGAGGCAACTCACA	4	Clone4
AGTGAGGCACGCACCA	4	Clone4
AGTGAGGTCGAAAGGC	71	Clone71
AGTGGGAAGAAGGACA	4	Clone4
AGTGGGAAGGCGCTCT	4	Clone4
AGTGGGAAGGGATTTA	4	Clone4
AGTGGGACAACGGCTC	4	Clone4
AGTGGGAGTAGAACAT	4	Clone4
AGTGGGAGTAGATGCG	115	None
AGTGGGATCTGCCGTT	4	Clone4
AGTGTCAAGTGAACGC	4	Clone4
AGTTGGTAGCTGTCTA	4	Clone4
AGTTGGTCACACGCAC	4	Clone4
AGTTGGTGTAGGGACT	17	None
AGTTGGTGTTGATCGT	4	Clone4
AGTTGGTTCGCGGACT	4	Clone4
ATAACGCGTCGCGTCA	165	None
ATAACGCTCATTGGAC	4	Clone4
ATAACGCTCGCGATGC	4	Clone4
ATAAGAGCAAGTGTTC	4	Clone4
ATAAGAGCATACGTCA	48	None
ATAAGAGGTAGGTTTC	4	Clone4
ATAAGAGGTCAACCGC	71	Clone71
ATAGACCAGCACACAG	4	Clone4
ATAGACCAGTACGTTC	4	Clone4
ATAGACCCAAGCAAGC	4	Clone4
ATCACGAAGAAACGCC	182	None
ATCACGAGTCTCTCTG	4	Clone4
ATCACGAGTGACCAAG	4	Clone4
ATCATCTCAGTGCTTA	8	None
ATCATGGCAAACGAGC	4	Clone4
ATCCACCAGTGTGAAT	176	None
ATCCACCCACCAGTGC	4	Clone4
ATCCACCCAGTGAATA	4	Clone4
ATCCACCCATTGAAGA	4	Clone4
ATCCACCGTGATTGTC	4	Clone4
ATCCACCTCCGGCTAG	4	Clone4
ATCCACCTCCGTAATG	4	Clone4
ATCCGAAAGGAGTTTA	59	Clone59
ATCCGAACAGACTTGT	4	Clone4
ATCGAGTAGACAAGCC	4	Clone4
ATCGAGTCACTCATGA	4	Clone4
ATCGAGTCAGGTCCCA	4	Clone4
ATCGAGTCAGTGTAGG	101	None
ATCGAGTGTTCCACAA	4	Clone4
ATCGAGTTCCGCACGA	4	Clone4
ATCTACTAGCACCGCT	4	Clone4
ATCTACTAGCGATCCC	4	Clone4
ATCTACTTCAAGAGGC	4	Clone4
ATCTGCCAGAGACTTA	4	Clone4
ATCTGCCCAGTTGCCG	4	Clone4
ATCTGCCCATTTGCGA	4	Clone4
ATCTGCCGTAACGGCA	4	Clone4
ATCTGCCGTACGTGCC	4	Clone4
ATGAGGGCAACTTTCT	4	Clone4
ATGAGGGCAGCTATGT	49	None
ATGAGGGCATTTCTTG	4	Clone4
ATGCGATAGATATACG	4	Clone4
ATGCGATCACTGGCCA	4	Clone4
ATGCGATGTCCGAATT	4	Clone4
ATGCGATTCAGATTCG	59	Clone59
ATGCGATTCGAGCACC	4	Clone4
ATGGGAGAGGCAAAGA	4	Clone4
ATGGGAGGTGAAAGAG	4	Clone4
ATGTGTGCACGATCTA	4	Clone4
ATGTGTGCAGGTTAAA	155	None
ATGTGTGGTAAGAGAG	4	Clone4
ATTACTCCACGTGGCT	135	None
ATTACTCCAGAGACGT	4	Clone4
ATTACTCGTGACCTGC	4	Clone4
ATTACTCGTTGTAGCT	4	Clone4
ATTACTCTCTGCGGGT	4	Clone4
ATTATCCAGAAGGCCT	4	Clone4
ATTATCCAGGATCGCA	4	Clone4
ATTATCCCAACGTTTG	4	Clone4
ATTATCCCAGCCCATG	4	Clone4
ATTATCCGTTATGTGC	4	Clone4
ATTATCCTCACCACGG	4	Clone4
ATTATCCTCTTCACGC	4	Clone4
ATTATCCTCTTGCTTA	4	Clone4
ATTCTACAGACTTCCA	4	Clone4
ATTCTACAGAGGGATA	4	Clone4
ATTCTACAGAGGTACC	4	Clone4
ATTCTACCACGATGGA	4	Clone4
ATTCTACTCCACCGGA	4	Clone4
ATTGGACGTACATGAA	4	Clone4
ATTGGACGTTCAGTAC	4	Clone4
ATTGGACTCGAGAGGT	184	None
ATTGGACTCTCATACT	4	Clone4
ATTGGTGCAGCCAGTC	4	Clone4
ATTGGTGCATAGGGCA	4	Clone4
ATTGGTGTCGTGCTAA	126	None
ATTTCTGAGGGAAACA	4	Clone4
ATTTCTGAGGGATGGG	4	Clone4
ATTTCTGAGTTTCCTT	59	Clone59
CAACCAACAGAAGACC	4	Clone4
CAACCAACATCGCACG	35	None
CAACCAAGTCATGGCC	4	Clone4
CAACCAATCAGAGTCT	4	Clone4
CAACCAATCCGAGATT	59	Clone59
CAACCTCAGCGTGAAC	4	Clone4
CAACCTCGTAACAGCG	4	Clone4
CAACCTCGTACAACGG	4	Clone4
CAACCTCGTACTAGGG	4	Clone4
CAACCTCGTTTACTTC	4	Clone4
CAACCTCTCACCGGTG	45	None
CAACTAGAGCGAGAAA	65	None
CAACTAGCATTTAGGC	4	Clone4
CAACTAGTCTACACCC	4	Clone4
CAACTAGTCTCTCTAA	117	None
CAAGAAAAGCCCGTGT	4	Clone4
CAAGAAAGTCATGGCC	4	Clone4
CAAGAAAGTCATGTTG	4	Clone4
CAAGATCCAACCTGAT	4	Clone4
CAAGATCGTCTTAGTG	4	Clone4
CAAGATCGTGGTCAAG	4	Clone4
CAAGATCTCCTTATTG	128	None
CAAGGCCAGAGCTGCA	4	Clone4
CAAGGCCAGCCAGTTT	4	Clone4
CAAGGCCGTACTCCGG	4	Clone4
CAAGGCCTCGATACAC	4	Clone4
CAAGGCCTCGGAGAGT	4	Clone4
CAAGGCCTCTCCAGCT	4	Clone4
CAAGGCCTCTGCGGGT	4	Clone4
CAAGTTGTCTTCTTGA	4	Clone4
CACAAACCAATTCACG	4	Clone4
CACAAACCATCCATAG	4	Clone4
CACACAAAGGTTCCTA	4	Clone4
CACACAAGTAACAGCG	4	Clone4
CACACCTCAAACGAGC	4	Clone4
CACACCTCACAAGCGA	4	Clone4
CACACTCAGGCTACGA	4	Clone4
CACACTCCAAGTACAA	4	Clone4
CACACTCCATGGATTC	4	Clone4
CACACTCGTCGAGTAG	158	None
CACACTCTCAGCATAC	4	Clone4
CACACTCTCTACAGCA	4	Clone4
CACAGGCAGCTGCCCA	4	Clone4
CACAGTACAACGCCGT	4	Clone4
CACAGTAGTAAGTAAC	4	Clone4
CACAGTAGTGTAGTTC	4	Clone4
CACAGTATCAGCCACG	4	Clone4
CACAGTATCCTTCGCA	4	Clone4
CACATAGGTTGGCGTC	4	Clone4
CACATAGTCGGAATGG	4	Clone4
CACATTTAGAGGGCTT	4	Clone4
CACATTTCAGTAATCC	4	Clone4
CACCACTAGTACAGTA	4	Clone4
CACCACTGTCATCTAG	4	Clone4
CACCACTTCAGAGCGA	4	Clone4
CACCAGGAGCAAAGTT	4	Clone4
CACCAGGCAACTGGAG	4	Clone4
CACCAGGCAGTTCCGG	4	Clone4
CACCAGGGTATGTACC	4	Clone4
CACCAGGGTTGGGCAA	4	Clone4
CACCAGGTCACTTTAC	4	Clone4
CACCAGGTCTAACGTG	4	Clone4
CACCTTGAGACCGATG	4	Clone4
CACCTTGCATGTAGCT	4	Clone4
CACTCCAAGGGATTTA	4	Clone4
CACTCCAGTACCGTGC	4	Clone4
CAGAATCAGTTATCGC	4	Clone4
CAGAGAGAGAGTGACC	4	Clone4
CAGAGAGAGCGATATA	4	Clone4
CAGAGAGAGTGGTAGC	4	Clone4
CAGAGAGCAAAGTAAC	4	Clone4
CAGAGAGGTAATCAGA	4	Clone4
CAGAGAGGTGGTGAGT	4	Clone4
CAGAGAGGTTCGTCAA	4	Clone4
CAGAGAGTCGACAATC	4	Clone4
CAGAGAGTCGTATTGG	4	Clone4
CAGATCAGTAGATGCG	4	Clone4
CAGATCATCAATAGAG	4	Clone4
CAGCAGCAGAGGTTAT	4	Clone4
CAGCAGCCACAGAGCA	4	Clone4
CAGCAGCCATCCGTTC	4	Clone4
CAGCAGCGTTAAGATG	4	Clone4
CAGCAGCTCATTCGCC	4	Clone4
CAGCATAAGTGGGCTA	4	Clone4
CAGCATACAAATCAGA	178	None
CAGCATACATAGCACT	4	Clone4
CAGCATATCCTTGCAC	4	Clone4
CAGCATATCTTCACGC	4	Clone4
CAGCCGAAGACCTAGG	4	Clone4
CAGCCGACATCCTGGG	4	Clone4
CAGCCGATCTGCTAGA	4	Clone4
CAGCGACCATCAGGGA	4	Clone4
CAGCGACTCAGTACCA	4	Clone4
CAGCTAAAGTGGGATC	4	Clone4
CAGCTAACAAATCGCT	4	Clone4
CAGCTAAGTCCGAATT	4	Clone4
CAGCTGGAGAATGGGA	4	Clone4
CAGCTGGAGGCTCATT	4	Clone4
CAGCTGGAGGGATTTA	4	Clone4
CAGCTGGCATTTAGGC	36	None
CAGCTGGGTGTAAAGT	4	Clone4
CAGCTGGTCCTACGAA	4	Clone4
CAGGTGCAGAAGGGTA	4	Clone4
CAGGTGCAGACCTTTG	4	Clone4
CAGGTGCAGATATGCA	4	Clone4
CAGGTGCAGGTAGCCA	4	Clone4
CAGGTGCCATCTCAAG	4	Clone4
CAGGTGCGTTCGCGTG	4	Clone4
CAGGTGCTCAGTACAC	4	Clone4
CAGTAACAGTGATGGC	4	Clone4
CAGTAACTCACACCTC	4	Clone4
CAGTCCTAGAGGTTAT	59	Clone59
CAGTCCTCAGCGCTTG	4	Clone4
CAGTCCTGTCCAGCCA	4	Clone4
CATATGGAGAGCCACA	4	Clone4
CATATGGAGCTGCACC	4	Clone4
CATATGGCAGACACAG	4	Clone4
CATATTCAGCCACCTG	4	Clone4
CATATTCAGCTGAACG	4	Clone4
CATATTCAGTGATCGG	4	Clone4
CATATTCTCTGAGATC	4	Clone4
CATCAAGAGCACACAG	4	Clone4
CATCAAGAGCTCTCGG	4	Clone4
CATCAAGAGGAGTTTA	4	Clone4
CATCAAGAGGCAGGTT	4	Clone4
CATCAAGAGTCGTCCG	138	None
CATCAAGCACGTTTAG	4	Clone4
CATCAAGCAGTCGGAA	4	Clone4
CATCAAGTCAAGAAAC	4	Clone4
CATCAAGTCATCGCAA	4	Clone4
CATCAAGTCTAAGACC	4	Clone4
CATCAAGTCTGGGACC	4	Clone4
CATCAAGTCTTCTAAC	4	Clone4
CATCAGACATCTCGTC	4	Clone4
CATCAGATCGGATCCG	4	Clone4
CATCAGATCTTATGGG	4	Clone4
CATCCACAGGAATCGC	4	Clone4
CATCCACCATCTCGAA	111	None
CATCCACGTTAACCTG	4	Clone4
CATCCACTCGACCATA	4	Clone4
CATCCACTCGTTATTC	4	Clone4
CATCCACTCTGGGCAC	4	Clone4
CATCGAAAGTGTTGAA	4	Clone4
CATCGAAGTAAGTGTA	4	Clone4
CATCGAAGTACCGTGC	112	None
CATCGAATCCGCGAGT	4	Clone4
CATCGGGAGCAGGCTA	4	Clone4
CATCGGGCAATCCGTA	4	Clone4
CATCGGGCAATTGAAG	4	Clone4
CATCGGGCACGCCTGA	4	Clone4
CATCGGGCACTTGTTT	4	Clone4
CATCGGGCAGGTCTGC	4	Clone4
CATCGGGGTCCTCCAT	59	Clone59
CATCGGGTCACTATGG	4	Clone4
CATGACAAGAGACTTA	4	Clone4
CATGACACAACGGCTC	4	Clone4
CATGACACACGCGATC	5	None
CATGCCTAGAACAATC	7	None
CATGCCTAGAGTACAT	4	Clone4
CATGCCTAGCTAAACA	127	None
CATGCCTAGTGGCACA	4	Clone4
CATGCCTCACTCCCTA	4	Clone4
CATGCCTCATTGCATG	4	Clone4
CATGCCTGTGCTATTG	4	Clone4
CATGCCTTCGAGAGGT	4	Clone4
CATGGCGAGGCTAGGT	4	Clone4
CATGGCGCAAGCAAGC	24	None
CATTATCAGACCTAGG	4	Clone4
CATTATCCAAGACTTC	4	Clone4
CATTATCCATGAGAAT	4	Clone4
CATTATCCATTATCCT	4	Clone4
CATTATCGTACCTAGT	4	Clone4
CATTATCGTTGTCACA	4	Clone4
CATTATCGTTTGGCGC	4	Clone4
CATTCGCCACTGGCCA	4	Clone4
CATTCGCGTCAGTGGA	4	Clone4
CATTCGCGTGACTGAG	4	Clone4
CCAATCCCAGCATGTT	4	Clone4
CCAATCCTCTTAGCTT	4	Clone4
CCACCTAAGGAATGGA	4	Clone4
CCACCTAGTAGGGACT	4	Clone4
CCACCTAGTGACCTGC	4	Clone4
CCACCTATCGCGTGGT	4	Clone4
CCACCTATCGGAGAAC	4	Clone4
CCACCTATCGGTAAGG	4	Clone4
CCACCTATCTGAAGGG	4	Clone4
CCACGGACATCGCATA	4	Clone4
CCACGGATCACGAGTT	4	Clone4
CCACTACAGAATTCCC	4	Clone4
CCACTACAGGATGTCG	4	Clone4
CCACTACAGTGGTAAT	4	Clone4
CCACTACGTAATCAGA	70	None
CCACTACGTGCCATTA	4	Clone4
CCACTACTCAAAGCGG	4	Clone4
CCACTACTCGAGGAGT	4	Clone4
CCAGCGAAGCGATTCT	4	Clone4
CCAGCGAAGTAATCCC	4	Clone4
CCAGCGAAGTGTTGAA	134	None
CCAGCGACACTACATG	4	Clone4
CCAGCGAGTAACGAGC	4	Clone4
CCAGCGAGTGTGTTCA	4	Clone4
CCAGCGATCTACCGTC	4	Clone4
CCATGTCAGACAGACC	4	Clone4
CCATGTCAGGAATGGA	4	Clone4
CCATGTCCATCCAGCG	4	Clone4
CCATGTCCATGAGAAT	4	Clone4
CCATGTCGTTCTAGTG	4	Clone4
CCATGTCTCCAGGCAC	4	Clone4
CCATGTCTCGAGCACC	4	Clone4
CCATGTCTCTGGATCA	4	Clone4
CCATTCGAGAGCCCAA	4	Clone4
CCATTCGAGGTAACGC	4	Clone4
CCATTCGGTTCCACAA	4	Clone4
CCCAATCAGTTGGCTT	83	None
CCCAATCCATCTCGAA	4	Clone4
CCCAATCGTACATGAA	4	Clone4
CCCAATCGTTGAACAA	4	Clone4
CCCAATCTCACACTAG	4	Clone4
CCCAATCTCGGTGCGT	4	Clone4
CCCAATCTCTGAGATC	59	Clone59
CCCAGTTAGATGTCTC	4	Clone4
CCCAGTTAGCATGAGC	4	Clone4
CCCAGTTAGGCATGGT	4	Clone4
CCCAGTTTCTGTGGCG	4	Clone4
CCCATACAGTTTAGGA	4	Clone4
CCCATACCATGATGCT	4	Clone4
CCCATACGTGGCAAAC	4	Clone4
CCCATACTCAAGCCAT	4	Clone4
CCCTCCTAGCAGCCCT	4	Clone4
CCCTCCTCACCGGCAT	4	Clone4
CCCTCCTCAGGTTAAA	160	None
CCCTCCTCATGGGCCT	4	Clone4
CCCTCCTTCCGTGCTT	4	Clone4
CCGGGATAGCGGATCA	4	Clone4
CCGGGATAGTCGTACT	4	Clone4
CCGGGATCAAACGGGT	4	Clone4
CCGGGATCATATCGTG	4	Clone4
CCGGGATTCCGAAGCC	4	Clone4
CCGGGATTCCGTTAAG	4	Clone4
CCGGGATTCCTGCACT	4	Clone4
CCGGGATTCGACCATA	4	Clone4
CCGGTAGAGCATGAGC	4	Clone4
CCGGTAGAGTACAGTA	59	Clone59
CCGGTAGCACATCTAG	4	Clone4
CCGGTAGCATGAGGCA	4	Clone4
CCGGTAGGTATGTACC	4	Clone4
CCGGTAGTCCTTGCAC	4	Clone4
CCGGTAGTCGTTCGAA	4	Clone4
CCGTACTGTTCCACAA	4	Clone4
CCGTACTTCCGCGGAT	4	Clone4
CCGTGGAAGCTTAGAA	118	None
CCGTGGAAGTTAACGA	4	Clone4
CCGTGGAGTAACGACG	4	Clone4
CCGTGGAGTCATGTTG	4	Clone4
CCGTGGAGTGATTACC	59	Clone59
CCGTGGATCCGAAGGA	4	Clone4
CCGTTCAAGTGGTTAA	4	Clone4
CCGTTCACAAAGTAAC	4	Clone4
CCGTTCACAGATATCC	71	Clone71
CCGTTCACAGGACCAA	4	Clone4
CCGTTCACAGTCCGCA	67	None
CCGTTCACATGTAGCT	4	Clone4
CCGTTCAGTACGTGCC	4	Clone4
CCGTTCAGTAGTGGCA	4	Clone4
CCGTTCAGTCGACCAC	4	Clone4
CCGTTCATCATGCGCG	4	Clone4
CCGTTCATCCTCAGTC	4	Clone4
CCTAAAGAGACAGAGA	4	Clone4
CCTAAAGGTACTCCGG	4	Clone4
CCTAAAGGTTGAACTC	4	Clone4
CCTACACCAAATAGGT	4	Clone4
CCTACACCAGTGCTTA	4	Clone4
CCTACACGTACTCACA	4	Clone4
CCTACACTCGAATGTC	4	Clone4
CCTACACTCGCAGCAC	4	Clone4
CCTACCAAGCGATTCT	4	Clone4
CCTACCACAGTTTGCA	4	Clone4
CCTACCACATAGGGCA	4	Clone4
CCTACCAGTGGCCACT	4	Clone4
CCTACCAGTTGATCGT	4	Clone4
CCTACCATCCAGGCGT	86	None
CCTAGCTAGCGAACTG	4	Clone4
CCTAGCTAGTAACCCT	4	Clone4
CCTAGCTAGTTATCGC	4	Clone4
CCTAGCTCAACGTTTG	4	Clone4
CCTAGCTGTAGATAGT	4	Clone4
CCTAGCTGTGTCTCAA	4	Clone4
CCTAGCTGTTTGGCGC	4	Clone4
CCTAGCTTCTGGTGGC	4	Clone4
CCTATTAGTACCAGTT	13	None
CCTATTAGTCATGCCG	4	Clone4
CCTATTAGTCGGGAAT	4	Clone4
CCTATTATCAGAGTAA	4	Clone4
CCTATTATCTTTCGCG	4	Clone4
CCTCAGTAGAGGGCTT	4	Clone4
CCTCAGTAGCAGTACG	4	Clone4
CCTCAGTCAAGCTATC	4	Clone4
CCTCAGTCATATCGCA	4	Clone4
CCTCAGTCATGTAGCT	4	Clone4
CCTCAGTGTAGACCAG	4	Clone4
CCTCAGTTCAGAGTCT	4	Clone4
CCTCTGACAACAACTC	4	Clone4
CCTCTGACAACGCCGT	4	Clone4
CCTCTGACACGTATGT	4	Clone4
CCTCTGACATCCCAAA	26	None
CCTCTGACATCCTGGG	4	Clone4
CCTTACGCATGCGTGC	4	Clone4
CCTTACGGTTTGCCTC	4	Clone4
CCTTCCCAGACCGATG	4	Clone4
CCTTCCCGTGGAAAGA	113	None
CCTTCCCTCAATAGGA	4	Clone4
CCTTCGAAGGGCCATA	4	Clone4
CCTTCGACAGAGGCAT	4	Clone4
CCTTCGACATTCAGTG	4	Clone4
CCTTCGAGTCCATGAT	4	Clone4
CCTTTCTAGAGCTGCA	4	Clone4
CCTTTCTAGATCCCGC	4	Clone4
CCTTTCTAGCTTTGGT	4	Clone4
CCTTTCTAGGGATGGG	4	Clone4
CCTTTCTCAACGACTT	4	Clone4
CCTTTCTTCCTACTCG	4	Clone4
CCTTTCTTCCTTATTG	4	Clone4
CGAACATAGAAGGTTT	4	Clone4
CGAACATGTACATGAA	4	Clone4
CGAACATGTTAAACGA	4	Clone4
CGAACATGTTATCGGT	4	Clone4
CGAACATTCCGACCAG	4	Clone4
CGAATGTAGGCCATAG	4	Clone4
CGAATGTAGTAAGTAC	4	Clone4
CGAATGTGTTTACGGT	4	Clone4
CGAATGTTCACACTAG	4	Clone4
CGACCTTAGCGTAGTG	4	Clone4
CGACCTTCAGTACCTA	4	Clone4
CGACCTTGTCCTCGGA	4	Clone4
CGACCTTGTCTCGGTG	4	Clone4
CGACCTTGTGCTTTCC	4	Clone4
CGACCTTGTTCAGTGT	4	Clone4
CGACTTCCAAACGGGT	4	Clone4
CGACTTCCACGAGTTT	4	Clone4
CGACTTCCACTTGAGT	4	Clone4
CGACTTCCATACGTTG	4	Clone4
CGACTTCGTAAACCTC	4	Clone4
CGACTTCGTTAAGCCT	4	Clone4
CGACTTCTCAGCACGC	4	Clone4
CGAGAAGAGCAAATCA	4	Clone4
CGAGAAGGTGTTCGAT	4	Clone4
CGAGCACAGTAGTGCG	4	Clone4
CGAGCACGTCCAAGTT	4	Clone4
CGAGCACGTCTTAGTG	4	Clone4
CGAGCCAAGTGATGGC	4	Clone4
CGAGCCACACCCGTTT	4	Clone4
CGAGCCACATCCATCC	59	Clone59
CGAGCCAGTAGCAGTG	4	Clone4
CGAGCCAGTCAACATC	4	Clone4
CGAGCCAGTGATTGTC	4	Clone4
CGATCGGAGATAGTCA	4	Clone4
CGATCGGCAACTACTG	4	Clone4
CGATCGGTCATCGCAA	4	Clone4
CGATCGGTCGAGTACT	4	Clone4
CGATCGGTCTTGCGAA	145	None
CGATGGCAGCGTAGTG	4	Clone4
CGATGGCTCTCCACAC	4	Clone4
CGATGTAAGATTGAGT	4	Clone4
CGATGTAAGGGATACC	4	Clone4
CGATGTAGTACCTCGG	4	Clone4
CGATGTAGTCTAGGGA	4	Clone4
CGATGTAGTGGACGTA	4	Clone4
CGATTGACACCCTCTA	4	Clone4
CGATTGACATCATGCA	4	Clone4
CGATTGAGTAGCTAAA	4	Clone4
CGATTGAGTAGTGACG	4	Clone4
CGATTGAGTCCAAGTT	4	Clone4
CGATTGATCAGCACGC	4	Clone4
CGCCAAGAGTCGACTT	4	Clone4
CGCCAAGCAATGTGTC	4	Clone4
CGCCAAGCAGTCCCTT	4	Clone4
CGCCAAGGTGGAAAGA	54	None
CGCCAAGGTTACGCCG	4	Clone4
CGCCAAGTCGCCAACG	4	Clone4
CGCGGTAAGTCCGTAT	4	Clone4
CGCGGTACAAATACGA	4	Clone4
CGCGGTACAAGACGAC	100	None
CGCGGTACAGACGAGT	4	Clone4
CGCGGTACAGGTGTGA	4	Clone4
CGCGGTAGTGGTAACG	4	Clone4
CGCGGTATCGTTACCC	4	Clone4
CGCGTTTAGGCCGAAT	4	Clone4
CGCGTTTCAGGCCGTT	4	Clone4
CGCGTTTCATGCCGGT	4	Clone4
CGCGTTTGTCAACATC	4	Clone4
CGCGTTTGTCACCAGC	4	Clone4
CGCGTTTTCAAGACAA	4	Clone4
CGCTATCCAAGCCAAG	71	Clone71
CGCTATCCACGTGGCT	4	Clone4
CGCTGGAAGGCATTTC	4	Clone4
CGCTGGACAACTCCGG	4	Clone4
CGCTGGACACGAAGGT	4	Clone4
CGCTGGAGTCGTAATC	4	Clone4
CGCTGGAGTTACGCGC	4	Clone4
CGCTGGATCGAACCCG	4	Clone4
CGCTTCATCTGGGCAC	4	Clone4
CGGACACAGACAGTTA	4	Clone4
CGGACACAGCAAATCA	4	Clone4
CGGACACCAACGGGAT	4	Clone4
CGGACGTCACGAGATG	4	Clone4
CGGACGTGTATTGAAG	4	Clone4
CGGACGTGTTGACGGA	4	Clone4
CGGACTGAGCAGGTCA	4	Clone4
CGGACTGAGCCCAATT	4	Clone4
CGGACTGCAACGACGA	4	Clone4
CGGACTGCATGCCGCA	4	Clone4
CGGACTGGTCTTCACC	4	Clone4
CGGACTGGTGTGAAAT	4	Clone4
CGGACTGTCAGAGCGA	4	Clone4
CGGACTGTCATGCGCG	4	Clone4
CGGAGCTCATTGGTCA	4	Clone4
CGGAGCTCATTGTCTT	4	Clone4
CGGAGCTCATTTCTTG	61	None
CGGAGCTGTATCAGTC	4	Clone4
CGGAGCTGTCTTGCGG	4	Clone4
CGGAGCTTCGGAAGAC	4	Clone4
CGGAGTCAGGACTGGT	4	Clone4
CGGAGTCGTACTTGCA	4	Clone4
CGGAGTCGTCTTGCGG	4	Clone4
CGGAGTCGTGTGCTTA	4	Clone4
CGGAGTCTCCCTAAGA	4	Clone4
CGGAGTCTCCGCGACA	4	Clone4
CGGCTAGAGTCCCACG	4	Clone4
CGGCTAGGTCTCGTCT	4	Clone4
CGGCTAGTCAACGATC	69	None
CGGGTCACAACATAGA	4	Clone4
CGGGTCACATTTAGGC	4	Clone4
CGGGTCAGTAACTGTC	4	Clone4
CGGGTCAGTCATGGCC	4	Clone4
CGGGTCATCACCGGTG	4	Clone4
CGGGTCATCTACAGTG	4	Clone4
CGGTTAACAATCCTTT	4	Clone4
CGGTTAAGTCTAGCGC	4	Clone4
CGGTTAATCCACTTCG	4	Clone4
CGGTTAATCGAGGTGA	4	Clone4
CGTAGCGAGAATGTGT	4	Clone4
CGTAGCGAGTGCGATG	4	Clone4
CGTAGCGAGTTTCCTT	4	Clone4
CGTAGCGCATGATAAG	4	Clone4
CGTAGCGGTCGGCATC	4	Clone4
CGTAGCGGTGTAAAGT	4	Clone4
CGTAGGCAGGCTAGTG	64	None
CGTAGGCCATCTAAGC	4	Clone4
CGTAGGCGTAACGACG	4	Clone4
CGTAGGCGTAAGTAAC	71	Clone71
CGTAGGCGTCCTCCAT	4	Clone4
CGTAGGCGTGGCAAAC	4	Clone4
CGTCACTCACACACGC	4	Clone4
CGTCACTTCATTGGAC	4	Clone4
CGTCACTTCCACTGCT	4	Clone4
CGTCAGGAGCCTATGT	4	Clone4
CGTCAGGCATCTCGAA	4	Clone4
CGTCAGGGTACCATCA	4	Clone4
CGTCAGGGTGCTCTGG	4	Clone4
CGTCAGGTCCGAAGGA	4	Clone4
CGTCAGGTCGGGAAAC	4	Clone4
CGTCCATCAAACGGGT	4	Clone4
CGTCCATCAACCTAGT	4	Clone4
CGTCCATCAACGCCGT	4	Clone4
CGTCCATGTAGACGAC	4	Clone4
CGTCTACCACCGTCGA	4	Clone4
CGTCTACGTGGCAACA	4	Clone4
CGTCTACTCCGTACCT	4	Clone4
CGTCTACTCGGCTCAG	4	Clone4
CGTGAGCAGAAACGCC	4	Clone4
CGTGAGCAGGCGTTGA	147	None
CGTGAGCCACGTAGGA	4	Clone4
CGTGAGCGTAGCAGGT	4	Clone4
CGTGAGCGTGCGAAAC	4	Clone4
CGTGAGCTCTACCGAA	4	Clone4
CGTGAGCTCTGTGGCG	4	Clone4
CGTGTAAAGGCTAGCA	4	Clone4
CGTGTAACAGAAGACC	4	Clone4
CGTGTAACATTGCATG	4	Clone4
CGTGTAATCCCGGACA	4	Clone4
CGTGTCTAGCGCGATA	46	None
CGTGTCTAGGGATACC	4	Clone4
CGTGTCTCATAGAGGC	4	Clone4
CGTGTCTCATCGCACG	4	Clone4
CGTGTCTGTGTTCGAT	4	Clone4
CGTGTCTGTTCCCTAC	4	Clone4
CGTGTCTTCCAGTCTC	4	Clone4
CGTGTCTTCGACGAAG	137	None
CGTGTCTTCGTTCGAA	4	Clone4
CGTTAGAAGCAGGTCA	4	Clone4
CGTTAGAGTTTCCGAA	4	Clone4
CGTTAGATCTAGACAC	4	Clone4
CGTTCTGCAAACGGGT	4	Clone4
CGTTCTGCACCTGCAG	4	Clone4
CGTTCTGCACTAACTG	4	Clone4
CGTTCTGCAGTAGAAT	4	Clone4
CGTTCTGCATAGAGGC	4	Clone4
CGTTCTGCATTCAGCA	4	Clone4
CGTTCTGGTGCTCTGG	4	Clone4
CGTTCTGGTGGGAAGG	4	Clone4
CGTTCTGGTTTCCTGC	4	Clone4
CGTTCTGTCTCAGCGG	4	Clone4
CGTTGGGGTCAGGTAG	4	Clone4
CGTTGGGGTCTTGCGG	4	Clone4
CTAACTTAGAGCCACA	31	None
CTAACTTAGCTGCGAA	4	Clone4
CTAACTTCAAGCAAGC	4	Clone4
CTAACTTCAGACGAGT	4	Clone4
CTAACTTCAGACTTGT	4	Clone4
CTAACTTTCGTACGCG	27	None
CTAAGACCAATGGGAC	4	Clone4
CTAAGACCAGACAGTG	4	Clone4
CTAAGACCATTATCCT	59	Clone59
CTAAGACGTCGCGTAC	4	Clone4
CTAAGACTCAACGATC	4	Clone4
CTAAGACTCCCACGGA	4	Clone4
CTAAGACTCCGTGCTT	4	Clone4
CTAAGACTCTGAAGGG	4	Clone4
CTAATGGAGCGATGAC	4	Clone4
CTAATGGCAGCCAAAG	4	Clone4
CTAATGGCATTTCGTT	4	Clone4
CTAATGGGTCTAGCGC	4	Clone4
CTACACCAGGACCAGT	4	Clone4
CTACACCAGTAAGTAC	4	Clone4
CTACACCGTAGTGACG	4	Clone4
CTACACCTCACGAGTT	4	Clone4
CTACACCTCTGCTAGA	88	None
CTACATTAGCAGCGTA	4	Clone4
CTACCCAAGCCTATGT	4	Clone4
CTACCCAAGCGACGTA	4	Clone4
CTACCCAAGTAGGTGC	4	Clone4
CTACCCAGTTGATCGT	4	Clone4
CTACCCATCAGCAGCC	4	Clone4
CTACGTCAGTGGAGAA	4	Clone4
CTACGTCCACCCGTTT	4	Clone4
CTACGTCCACGTGCGT	4	Clone4
CTACGTCTCGTTATTC	4	Clone4
CTAGAGTAGCGAGAAA	4	Clone4
CTAGAGTGTCAGAAGC	4	Clone4
CTAGAGTGTTACGGCC	4	Clone4
CTAGAGTTCAGGACAG	59	Clone59
CTAGAGTTCAGGGACA	4	Clone4
CTAGCCTCACTGCGCA	4	Clone4
CTAGCCTGTCATACTG	4	Clone4
CTAGCCTTCTGGTAGT	4	Clone4
CTAGTGAAGGCTAGGT	4	Clone4
CTAGTGACATCCACGG	4	Clone4
CTAGTGATCATTGCTT	4	Clone4
CTAGTGATCGAAGCGA	4	Clone4
CTCACACAGGCTCAGA	4	Clone4
CTCACACAGGGATTCG	4	Clone4
CTCACACAGTAGCCGA	4	Clone4
CTCACACCAAGTGAGC	4	Clone4
CTCACACGTGCATCTA	4	Clone4
CTCACACGTTGGGCAA	4	Clone4
CTCACACTCAATAGAG	4	Clone4
CTCACACTCAGCAGCC	97	None
CTCACACTCTGGCAGC	4	Clone4
CTCAGAAAGGTAAACT	4	Clone4
CTCAGAACAAGTGCAG	4	Clone4
CTCAGAACACAGACCC	4	Clone4
CTCAGAAGTCCGAAGA	4	Clone4
CTCAGAATCAGGACAG	4	Clone4
CTCAGAATCCAACCGG	4	Clone4
CTCATTAAGAGATGAG	4	Clone4
CTCATTAAGAGCTGCA	4	Clone4
CTCATTAAGGCTGCTC	161	None
CTCATTAGTCAACCGC	4	Clone4
CTCATTAGTGACCCGT	4	Clone4
CTCATTAGTTGAACTC	4	Clone4
CTCATTATCACCATCC	4	Clone4
CTCCTAGAGTGTTTGC	4	Clone4
CTCCTAGGTCAATTCG	4	Clone4
CTCCTAGTCGAGTATC	4	Clone4
CTCCTAGTCTGGCAGC	4	Clone4
CTCGAAAAGAAACCAT	4	Clone4
CTCGAAAGTACTCACA	4	Clone4
CTCGAAAGTAGGTTTC	4	Clone4
CTCGAAAGTCGACGCT	4	Clone4
CTCGAAAGTGCGGTAA	59	Clone59
CTCGAAATCAGCAGCC	143	None
CTCGAAATCTACATGG	4	Clone4
CTCGAGGCACCCAAAT	4	Clone4
CTCGAGGCACGTAGGA	4	Clone4
CTCGAGGCAGGTACGA	4	Clone4
CTCGAGGGTCCTACCT	4	Clone4
CTCGAGGTCACGCTCT	4	Clone4
CTCGAGGTCCCGCATT	4	Clone4
CTCGGAGGTACGTAAA	4	Clone4
CTCGGAGGTCACCAGC	4	Clone4
CTCGGAGTCAGGACTT	4	Clone4
CTCGGAGTCTAACGTG	123	None
CTCGGGAAGAGGGCTT	4	Clone4
CTCGGGAAGGTGTAGC	4	Clone4
CTCGGGAGTACCAGCC	59	Clone59
CTCGGGATCGGAGTTT	59	Clone59
CTCGTACAGGTAAGTT	4	Clone4
CTCGTACCACAAGCTT	4	Clone4
CTCGTACCATAGTGAA	4	Clone4
CTCGTACCATGAAAGT	41	None
CTCGTCAAGCTGAACG	141	None
CTCGTCACAACTGGAG	4	Clone4
CTCGTCAGTACGTGCC	4	Clone4
CTCGTCAGTTCAGTAC	4	Clone4
CTCGTCATCATTGCTT	4	Clone4
CTCTAATCAAGCTATC	4	Clone4
CTCTAATGTACGGTGA	4	Clone4
CTCTAATTCAGACACT	59	Clone59
CTCTACGAGACTGGCA	4	Clone4
CTCTACGAGTGCCATT	4	Clone4
CTCTACGCAACGCTTA	4	Clone4
CTCTACGCAAGTGAGC	4	Clone4
CTCTACGCACTTTCCG	4	Clone4
CTCTACGGTCCTTGGG	4	Clone4
CTCTGGTTCATTGGAC	4	Clone4
CTGAAACAGTGGAGAA	4	Clone4
CTGAAACGTCCGAATT	4	Clone4
CTGAAACGTGAACACG	4	Clone4
CTGAAACTCCAGTCTC	4	Clone4
CTGAAGTAGGCAGTCA	4	Clone4
CTGAAGTCAACGTTTG	4	Clone4
CTGAAGTCACCTATGA	4	Clone4
CTGAAGTCATACCAGT	4	Clone4
CTGAAGTGTACAGGAC	4	Clone4
CTGATAGAGACAGTTA	4	Clone4
CTGATAGAGGCATATA	4	Clone4
CTGATAGCAGATCCCG	4	Clone4
CTGATCCCAAGAACTA	4	Clone4
CTGATCCCAATCGTCA	4	Clone4
CTGATCCGTCCTCCAT	22	None
CTGATCCGTGCTATTG	4	Clone4
CTGATCCTCAGACACT	4	Clone4
CTGCCTAAGCTAGTGG	4	Clone4
CTGCCTAAGGAAACTT	4	Clone4
CTGCCTACATAGTGTC	4	Clone4
CTGCCTATCTAATGGC	180	None
CTGCGGAAGCAGCGTA	4	Clone4
CTGCGGACAAGACGCA	4	Clone4
CTGCGGACACCGGCAT	4	Clone4
CTGCGGACACTACGTA	4	Clone4
CTGCGGATCCAAAGAA	4	Clone4
CTGCGGATCTGATCAG	4	Clone4
CTGGTCTAGAAGATTC	4	Clone4
CTGGTCTAGACTAGGC	4	Clone4
CTGTGCTCAACTCATG	4	Clone4
CTGTGCTGTTCTTCGC	4	Clone4
CTGTGCTTCAGAGTCT	4	Clone4
CTGTTTACAGCTTGAT	4	Clone4
CTGTTTAGTACTGCTA	4	Clone4
CTTAACTAGAGTAAGG	4	Clone4
CTTAACTTCCTGAAGT	4	Clone4
CTTAACTTCGAGCACC	4	Clone4
CTTACCGAGTACGACG	4	Clone4
CTTACCGCATACGTTG	4	Clone4
CTTACCGCATGATAAG	4	Clone4
CTTACCGCATTGCATG	4	Clone4
CTTACCGGTCCAAGTT	4	Clone4
CTTACCGGTGGAGCTA	4	Clone4
CTTAGGACAAGCTATC	4	Clone4
CTTAGGACAAGGGATC	4	Clone4
CTTAGGACAGGTCAAG	4	Clone4
CTTAGGAGTCACCTGG	4	Clone4
CTTAGGAGTCACGCAC	4	Clone4
CTTAGGATCAGCATAC	4	Clone4
CTTAGGATCATCAGCA	4	Clone4
CTTAGGATCGGGCTTG	4	Clone4
CTTCTCTAGATCACTC	4	Clone4
CTTCTCTCACTGCGCA	4	Clone4
CTTCTCTCAGTACTCA	50	None
CTTCTCTGTACCAACT	4	Clone4
CTTCTCTGTGATGTTC	4	Clone4
CTTCTCTGTGCTCTGG	4	Clone4
CTTCTCTTCGCAGCAC	4	Clone4
CTTGGCTAGAAACCTA	71	Clone71
CTTGGCTAGCCCAACC	4	Clone4
CTTGGCTGTCTCGGTG	4	Clone4
CTTGGCTGTCTTCGTC	4	Clone4
CTTGGCTGTGAAGCCA	73	None
CTTTGCGAGAATGGGA	4	Clone4
CTTTGCGAGCACAGGT	4	Clone4
CTTTGCGGTAACCGAG	4	Clone4
GAAACTCAGATCCTGT	4	Clone4
GAAACTCCAACTCGCG	4	Clone4
GAAACTCTCCCGAATA	109	None
GAAACTCTCCTGAAAC	4	Clone4
GAAATGAAGCCTAACT	4	Clone4
GAAATGAAGTCAAGCG	4	Clone4
GAAATGAGTGTGTATC	4	Clone4
GAAATGATCCAGGCGT	4	Clone4
GAACATCAGGTGTAGC	4	Clone4
GAACATCAGTAACCCT	4	Clone4
GAACATCCAGCGATGA	4	Clone4
GAACATCGTCTCTCTG	4	Clone4
GAACATCGTTAAGATG	4	Clone4
GAACATCTCGCAGCAC	4	Clone4
GAACCTAAGGTAACGC	4	Clone4
GAACCTATCACCAGCG	4	Clone4
GAACGGAAGATTACCC	4	Clone4
GAACGGAAGTGAACAT	4	Clone4
GAACGGACAACCCACG	4	Clone4
GAACGGACAGACACGA	4	Clone4
GAACGGATCAGCGCGT	4	Clone4
GAACGGATCCAAACCA	4	Clone4
GAACGGATCCTTGAAG	4	Clone4
GAACGGATCGAGGAGT	71	Clone71
GAACGGATCTCGTGGG	4	Clone4
GAAGCAGAGCTTTCAG	4	Clone4
GAAGCAGGTCATGTTG	4	Clone4
GAAGCAGGTGCAACCC	4	Clone4
GAAGCAGTCGATTGCA	4	Clone4
GAATAAGAGTGATGAT	4	Clone4
GAATAAGCAAGGCTAG	53	None
GAATAAGCAGTGGATG	4	Clone4
GAATAAGCATGCGTGC	4	Clone4
GAATAAGTCTGCTAGA	4	Clone4
GAATGAAAGTACGACG	4	Clone4
GAATGAATCTCATACT	4	Clone4
GACACGCCAACCTGCG	4	Clone4
GACACGCGTAAAGTCA	59	Clone59
GACACGCGTCGCGTCA	149	None
GACAGAGAGAGGTTAT	4	Clone4
GACAGAGAGTGATTGA	4	Clone4
GACAGAGCATAGAGGC	4	Clone4
GACAGAGTCAAGAAAC	4	Clone4
GACAGAGTCTGGCAGC	4	Clone4
GACCAATAGTCCCGAC	4	Clone4
GACCAATAGTGGGTTG	4	Clone4
GACCAATTCATGTGAC	4	Clone4
GACCAATTCGCCCAGA	4	Clone4
GACCAATTCGTGAGGA	4	Clone4
GACCTGGCAACAGAGC	4	Clone4
GACCTGGCAGAACAGC	4	Clone4
GACCTGGGTCATCTGA	4	Clone4
GACCTGGTCATATCTC	4	Clone4
GACCTGGTCATCGACA	4	Clone4
GACCTGGTCATTGTTC	104	None
GACCTGGTCTACGGAT	4	Clone4
GACGCGTAGAATGTTG	4	Clone4
GACGCGTAGGATGCGT	4	Clone4
GACGCGTGTACTGCTA	4	Clone4
GACGCGTGTCTCTATT	163	None
GACGCGTTCTCATCCG	4	Clone4
GACGGCTAGCTAGTTC	4	Clone4
GACGGCTCATTATCGG	4	Clone4
GACGGCTGTCAGTTTG	93	None
GACGGCTGTGATTGGG	4	Clone4
GACGGCTGTGGCAAAC	4	Clone4
GACGTGCCAGCATGTT	4	Clone4
GACGTGCGTGAAGCCA	4	Clone4
GACGTGCTCACGTATG	4	Clone4
GACGTTAAGACGCACA	4	Clone4
GACGTTACACTCCGAG	4	Clone4
GACGTTAGTTCCACAA	4	Clone4
GACGTTATCTGAAGTC	4	Clone4
GACGTTATCTTAGCTT	4	Clone4
GACTAACAGTTTAGGA	4	Clone4
GACTAACGTAAACCTC	4	Clone4
GACTAACGTAACGCGA	4	Clone4
GACTAACGTCAACCGC	4	Clone4
GACTAACTCTTGGCCT	4	Clone4
GACTACAAGGCATTGG	4	Clone4
GACTACACACTTGCAA	4	Clone4
GACTACAGTAATCAGA	4	Clone4
GACTACATCTGGGATT	4	Clone4
GACTGCGCAACGCCGT	4	Clone4
GACTGCGGTACGTTCA	4	Clone4
GAGCAGAAGACAGTTA	59	Clone59
GAGCAGAAGCGCCTTG	4	Clone4
GAGCAGAAGGCATTTC	4	Clone4
GAGCAGACAGGTCTGC	4	Clone4
GAGCAGACATGTTGCA	4	Clone4
GAGCAGAGTCGTAATC	4	Clone4
GAGCAGATCCTACCCA	4	Clone4
GAGGTGAAGCATGAGC	91	None
GAGGTGACATCCAGCG	10	None
GAGGTGAGTCAGAAGC	4	Clone4
GAGGTGAGTGGCAACA	4	Clone4
GAGTCCGAGGTGCAAC	4	Clone4
GAGTCCGGTCATGCTA	4	Clone4
GATCAGTAGAGTACAT	4	Clone4
GATCAGTAGCAAAGCC	4	Clone4
GATCAGTAGTCTCGTA	4	Clone4
GATCAGTGTAACGGCA	4	Clone4
GATCAGTGTGCTATTG	4	Clone4
GATCAGTTCGACCATA	4	Clone4
GATCAGTTCTGTATTC	4	Clone4
GATCAGTTCTGTTGTT	4	Clone4
GATCAGTTCTTTCGCG	4	Clone4
GATCGATAGTCCATAC	4	Clone4
GATCGATCACAGCTAT	4	Clone4
GATCGATTCGGTGCAC	4	Clone4
GATCGATTCTACCGAA	4	Clone4
GATCGCGAGCGATTAA	4	Clone4
GATCTAGAGCGATCCC	4	Clone4
GATCTAGCAGTGAATA	4	Clone4
GATCTAGGTCCGCAAC	4	Clone4
GATCTAGGTCGGAAGT	4	Clone4
GATCTAGGTTGACCCG	4	Clone4
GATGAAAAGAAGATTC	4	Clone4
GATGAAAAGCTAACTC	4	Clone4
GATGAAAAGCTGCACC	4	Clone4
GATGAAAGTCCTCGGA	4	Clone4
GATGAGGCAATCCATG	4	Clone4
GATGAGGGTCTCTTTA	154	None
GATGAGGGTGATACCT	4	Clone4
GATGAGGTCCGAAGGA	4	Clone4
GATGCTAAGCCAAACG	4	Clone4
GATGCTACATCGGGCT	4	Clone4
GATGCTAGTCGTCTTC	4	Clone4
GATGCTATCAGCGGCT	4	Clone4
GATTCAGAGAAGGGTA	4	Clone4
GATTCAGAGTCGACTT	4	Clone4
GATTCAGAGTGTGATA	4	Clone4
GATTCAGGTAGAATAC	33	None
GATTCAGGTGACACGA	4	Clone4
GATTCAGGTGCATCTA	4	Clone4
GCAAACTCAGTACCTA	55	None
GCAAACTGTCGAATCT	4	Clone4
GCAAACTGTCGACGCT	4	Clone4
GCAAACTGTGTGTTCA	4	Clone4
GCAATCAAGCCTATGT	4	Clone4
GCAATCAAGCTAGTTC	4	Clone4
GCAATCAAGGATCCTT	4	Clone4
GCAATCAAGGTGTGGT	4	Clone4
GCACATAAGCACGCCT	4	Clone4
GCACATAAGCGTTGCC	4	Clone4
GCACATAGTGTCGCTG	4	Clone4
GCACATATCATGGGCC	4	Clone4
GCACTCTAGAAGCCCA	4	Clone4
GCACTCTAGGCCCTTG	4	Clone4
GCACTCTAGGTGTGGT	4	Clone4
GCACTCTAGTTAGGTA	4	Clone4
GCACTCTAGTTTCTGG	4	Clone4
GCACTCTCATCTTTCA	172	None
GCACTCTGTTGTAGCT	4	Clone4
GCACTCTTCGAAGCGA	4	Clone4
GCACTCTTCTTCACGC	4	Clone4
GCAGCCAAGCCAACAG	4	Clone4
GCAGCCACACCGGCAT	4	Clone4
GCAGCCACACGCACGT	4	Clone4
GCAGCCACAGATGAAT	4	Clone4
GCAGCCAGTAGCTAAA	4	Clone4
GCAGCCATCCACTGCT	4	Clone4
GCAGTTAAGAGTTGGC	4	Clone4
GCAGTTAAGATCCTGT	59	Clone59
GCATACAAGCGATTCT	66	None
GCATACAAGGGAAACA	4	Clone4
GCATACACAACAGAGC	4	Clone4
GCATACACATGCAGTT	4	Clone4
GCATGATAGGAGCGAG	4	Clone4
GCATGATCACTCTTAT	170	None
GCATGATGTCAAACTC	4	Clone4
GCATGATTCCAGGCGT	16	None
GCATGCGCAGATCGAG	4	Clone4
GCATGCGGTACCTAGT	4	Clone4
GCATGCGTCGTATTGG	4	Clone4
GCATGTAAGGGTTTCT	4	Clone4
GCATGTACAGGTCAAG	4	Clone4
GCATGTAGTCATGGCC	4	Clone4
GCATGTATCTGGAGTT	4	Clone4
GCCAAATAGACCCACC	4	Clone4
GCCAAATAGATCCGAG	4	Clone4
GCCAAATAGGGTAACC	4	Clone4
GCCAAATTCCTACGAA	4	Clone4
GCGACCAAGAGCTTCT	4	Clone4
GCGACCAAGTACGACG	4	Clone4
GCGACCACATGTTGCA	4	Clone4
GCGACCATCTAGACAC	4	Clone4
GCGAGAAAGGTGTGTG	4	Clone4
GCGAGAATCATCAGGT	4	Clone4
GCGAGAATCCACCTTG	4	Clone4
GCGCAACCATAGTGAA	4	Clone4
GCGCAACGTGTGAAAT	4	Clone4
GCGCAACTCCTTATTG	4	Clone4
GCGCAGTAGCCACCTG	4	Clone4
GCGCAGTCAATCCTTT	4	Clone4
GCGCAGTCAGATCGAG	114	None
GCGCAGTGTACTCGCG	4	Clone4
GCGCAGTGTCCGCAAC	4	Clone4
GCGCAGTGTCGTCTTC	4	Clone4
GCGCAGTTCATCAGGT	4	Clone4
GCGCAGTTCCTCATCG	4	Clone4
GCGCAGTTCGTGTACA	4	Clone4
GCGCCAAAGATGCGAC	4	Clone4
GCGCCAAAGCTATCAC	59	Clone59
GCGCCAAGTACTACAC	4	Clone4
GCGCCAATCGATCCGG	4	Clone4
GCGCCAATCGTTCGAA	4	Clone4
GCGCGATCACAGTGTT	4	Clone4
GCGCGATCATAGCACT	4	Clone4
GCGCGATGTTGCACTA	4	Clone4
GCGCGATTCGCGGACT	152	None
GCGGGTTAGAACAATC	4	Clone4
GCGGGTTCAGCGGTCT	4	Clone4
GCGGGTTGTACTGTTG	4	Clone4
GCGGGTTTCATGCGCG	4	Clone4
GCTCCTAAGATGTGGC	4	Clone4
GCTCCTACAACAGAGC	4	Clone4
GCTCCTATCACTATGG	4	Clone4
GCTCCTATCTGATGGT	4	Clone4
GCTCTGTAGGGATCTG	4	Clone4
GCTCTGTAGTTATCGC	4	Clone4
GCTCTGTCAGCATGTT	4	Clone4
GCTCTGTCAGCGCTTG	4	Clone4
GCTCTGTGTCATGCTA	142	None
GCTCTGTGTCATGGCC	4	Clone4
GCTCTGTTCACACGGC	4	Clone4
GCTGCAGAGAATTCCC	40	None
GCTGCAGCACACCTAA	4	Clone4
GCTGCAGTCTGGGCAC	4	Clone4
GCTGCGACAACTCCGG	4	Clone4
GCTGCGACACACCTAA	4	Clone4
GCTGCGACAGGGCTTC	4	Clone4
GCTGCGAGTAACAATG	4	Clone4
GCTGCGAGTCAGTGGA	4	Clone4
GCTGCGATCACTATGG	4	Clone4
GCTGCTTAGTAGGTGC	4	Clone4
GCTGCTTAGTCGAGTG	59	Clone59
GCTGCTTCATCCAGGC	4	Clone4
GCTGCTTGTTACGCGC	4	Clone4
GCTGCTTTCGGAAGAC	4	Clone4
GCTGGGTAGCTAACTC	4	Clone4
GCTGGGTAGTGCTGCC	4	Clone4
GCTGGGTTCACCACGG	23	None
GCTGGGTTCGGATGCC	4	Clone4
GCTTCCACATCAGCAT	4	Clone4
GCTTCCATCGATAAGA	4	Clone4
GCTTCCATCTTAGCTT	4	Clone4
GCTTGAAAGGCCCGTT	4	Clone4
GCTTGAACATACGTCA	4	Clone4
GCTTGAAGTGTGCTTA	4	Clone4
GCTTGAATCCGCGACA	4	Clone4
GCTTGAATCGGGTCCA	4	Clone4
GGAACTTAGACCGATG	4	Clone4
GGAACTTAGATCACTC	4	Clone4
GGAACTTCAGTCCGGT	4	Clone4
GGAACTTTCGAGTACT	4	Clone4
GGAACTTTCTACAAGC	4	Clone4
GGAATAACAATGTAGA	4	Clone4
GGAATAATCGGAAGAC	16	None
GGACAAGCAATGGCTT	4	Clone4
GGACAAGTCAGAAACA	4	Clone4
GGACAGACAGCCCATG	4	Clone4
GGACAGATCGTAACCA	44	None
GGACAGATCTCCTGGT	4	Clone4
GGACATTAGCTAGCCC	4	Clone4
GGACATTCAAGTACAA	4	Clone4
GGACATTGTAGAACAT	4	Clone4
GGACATTGTGATACCT	185	None
GGACATTGTTAACCTG	4	Clone4
GGACATTTCAGTACAC	4	Clone4
GGACGTCCACTAAGGG	18	None
GGACGTCGTTCCACAA	4	Clone4
GGACGTCGTTTAGGAA	4	Clone4
GGACGTCTCCGCACGA	84	None
GGAGCAAAGGGCCATA	4	Clone4
GGAGCAACAACATAAG	162	None
GGAGCAAGTCAACATC	4	Clone4
GGAGCAAGTTCGCGTG	57	None
GGATGTTAGAATGTGT	4	Clone4
GGATGTTAGATGTCTC	59	Clone59
GGATGTTAGCCACGTC	4	Clone4
GGATGTTAGTAGATGT	4	Clone4
GGATGTTCACCACGCA	4	Clone4
GGATGTTGTGATTGGG	4	Clone4
GGATGTTTCAGTTCTT	4	Clone4
GGATTACAGGAGTACC	4	Clone4
GGATTACAGTGAACAT	4	Clone4
GGATTACCAAACTCAC	59	Clone59
GGATTACTCCAACAAC	4	Clone4
GGATTACTCCGTTCAC	59	Clone59
GGATTACTCTGATGGT	4	Clone4
GGCCGATAGCATGGCA	4	Clone4
GGCCGATAGGTAAACT	4	Clone4
GGCCGATCAGTCCCTT	4	Clone4
GGCCGATTCGTGCTAA	4	Clone4
GGCGACTCAGATGAAT	4	Clone4
GGCGACTTCCTGATTT	4	Clone4
GGCGTGTCAGACTTGT	4	Clone4
GGCGTGTGTACTCCGG	4	Clone4
GGCGTGTGTCAGTTTG	4	Clone4
GGCGTGTTCGTTATCT	4	Clone4
GGCGTGTTCTTGGCCT	4	Clone4
GGCTCGACACCTCCAT	4	Clone4
GGCTCGACACGAGATG	4	Clone4
GGCTCGATCCGAAGCC	4	Clone4
GGCTCGATCCTCTGCA	4	Clone4
GGCTCGATCGCTAGTA	4	Clone4
GGCTGGTAGAGGGATA	4	Clone4
GGCTGGTCATACGGTT	4	Clone4
GGCTGGTGTGGCAAAC	4	Clone4
GGCTGGTTCACCATCC	4	Clone4
GGCTGGTTCTGGCAGC	4	Clone4
GGGAATGGTAGACGAC	4	Clone4
GGGAATGGTGCGTCAC	4	Clone4
GGGACCTAGCCTGATT	59	Clone59
GGGACCTCACGGAGTA	4	Clone4
GGGACCTTCCTACTCG	4	Clone4
GGGAGATCAGGGCTTC	4	Clone4
GGGAGATCAGTAGAAT	4	Clone4
GGGAGATGTCAAGTCT	4	Clone4
GGGAGATGTCCTACCT	4	Clone4
GGGAGATGTTAGCTCA	4	Clone4
GGGAGATTCCAGACCG	4	Clone4
GGGAGATTCCGCTGAG	4	Clone4
GGGAGATTCGGGTCAC	4	Clone4
GGGAGATTCTCCACGT	4	Clone4
GGGATGACAGACACAG	133	None
GGGATGAGTAAGAAGG	4	Clone4
GGGATGAGTCGCGTAC	4	Clone4
GGGATGATCCGCGACA	4	Clone4
GGGATGATCCTGAAAC	4	Clone4
GGGCACTAGCAGCGTA	4	Clone4
GGGCATCAGCCAAACG	4	Clone4
GGGCATCAGGATGTCG	4	Clone4
GGGCATCAGTGTGAAT	4	Clone4
GGGCATCCATCCATAG	4	Clone4
GGGCATCGTCGCTTCT	4	Clone4
GGGCATCGTCTTGCGG	4	Clone4
GGGCATCGTTAGAGCG	4	Clone4
GGGCATCTCCGCTTGT	4	Clone4
GGGCATCTCGATAGTC	4	Clone4
GGGTCTGAGTTCGATC	4	Clone4
GGGTCTGGTAATATGG	4	Clone4
GGGTCTGGTTTAGCAC	4	Clone4
GGGTTGCAGTGACATA	4	Clone4
GGGTTGCCAAGGCTAG	4	Clone4
GGGTTGCCAAGGTATA	4	Clone4
GGGTTGCCACGATAGG	80	None
GGGTTGCCATCCTGGG	4	Clone4
GGGTTGCGTTGGCGTC	4	Clone4
GGGTTGCTCCACCGGA	4	Clone4
GGGTTGCTCGGATCCG	4	Clone4
GGTATTGAGCGCCTCA	4	Clone4
GGTATTGAGGACACCA	4	Clone4
GGTATTGAGGGATCTG	4	Clone4
GGTATTGAGGTAGCCA	4	Clone4
GGTATTGGTAAGCGCA	4	Clone4
GGTATTGGTTAACCTG	4	Clone4
GGTGAAGAGTCTCGTA	4	Clone4
GGTGAAGGTACGTTCA	4	Clone4
GGTGAAGGTCCATTGA	4	Clone4
GGTGAAGGTCGCTCAG	4	Clone4
GGTGAAGTCGCTATGA	131	None
GGTGCGTAGGATGTCG	4	Clone4
GGTGCGTAGGGATACC	4	Clone4
GGTGCGTCACAAGGAC	4	Clone4
GGTGCGTTCCTGCACT	4	Clone4
GGTGTTAAGAAGGCCT	4	Clone4
GGTGTTAAGACTGGCA	4	Clone4
GGTGTTAAGATAGTCA	98	None
GGTGTTAAGGGTTCGA	4	Clone4
GGTGTTAAGTGGACGT	4	Clone4
GGTGTTACACGCACCA	47	None
GGTGTTAGTTCTAGAC	4	Clone4
GGTGTTAGTTGTAGCT	4	Clone4
GTAACGTAGGCAGGTT	4	Clone4
GTAACGTCATGAGGCA	4	Clone4
GTAACTGAGTGAAGTT	4	Clone4
GTAACTGGTAACTTCG	4	Clone4
GTACGTAAGTACTTGC	4	Clone4
GTACGTACACGATGGA	4	Clone4
GTACGTACATCCCTTG	4	Clone4
GTACGTATCTGGAGTT	4	Clone4
GTACTCCAGGTGTGTG	4	Clone4
GTACTCCCAGAACCAG	4	Clone4
GTACTCCGTAACTAAG	4	Clone4
GTACTCCGTAGATCCT	4	Clone4
GTACTCCTCGGGTCCA	4	Clone4
GTACTCCTCTCGAACA	4	Clone4
GTACTTTAGCTGGTCC	4	Clone4
GTACTTTGTCGACCAC	79	None
GTACTTTTCTAGAACC	4	Clone4
GTACTTTTCTTCTTGA	4	Clone4
GTAGGCCCAGGTCTGC	4	Clone4
GTAGGCCGTACAAGAT	4	Clone4
GTAGGCCTCCTCGACT	4	Clone4
GTAGTCAAGCGCGTCT	4	Clone4
GTAGTCACAAGTGTTC	4	Clone4
GTAGTCACACGCGATC	4	Clone4
GTAGTCAGTAACGTGG	4	Clone4
GTAGTCATCCAGTCTC	4	Clone4
GTATCTTCACTACGTA	119	None
GTATCTTCAGATCGAG	4	Clone4
GTATCTTGTACCAACT	4	Clone4
GTATCTTTCACTTTAC	16	None
GTATCTTTCCACCTTG	4	Clone4
GTCAAGTAGCGAACTG	4	Clone4
GTCAAGTAGCGATTCT	4	Clone4
GTCAAGTCACTTGTTT	68	None
GTCAAGTGTTTAGGAA	4	Clone4
GTCAAGTTCTACGGGC	4	Clone4
GTCACAATCAGATTCG	159	None
GTCACAATCCGCGACA	4	Clone4
GTCACGGAGATGTGGC	4	Clone4
GTCACGGAGCGCCTCA	4	Clone4
GTCACGGAGGGTAACC	71	Clone71
GTCACGGCAGAAGAAG	4	Clone4
GTCACGGGTGTGCTTA	4	Clone4
GTCACGGTCTTAGCTT	4	Clone4
GTCATTTAGAGCCACA	4	Clone4
GTCATTTGTGCGAACA	4	Clone4
GTCATTTGTGGAAGGG	59	Clone59
GTCATTTGTTACGCCG	4	Clone4
GTCATTTTCAAGCCAT	4	Clone4
GTCATTTTCAGATGTC	4	Clone4
GTCATTTTCGTACGCG	4	Clone4
GTCCTCAAGTCCATAC	4	Clone4
GTCCTCACACCAATGT	102	None
GTCCTCACAGTTTGCA	4	Clone4
GTCCTCATCGGGAAAC	4	Clone4
GTCGGGTGTACCTAGT	4	Clone4
GTCGGGTGTGACGGTA	4	Clone4
GTCGTAAAGTCTCGGC	4	Clone4
GTCGTAAAGTGTGATA	4	Clone4
GTCGTAAAGTTTGGCT	4	Clone4
GTCGTAAGTACAACGG	4	Clone4
GTCTCGTAGACAGAGA	4	Clone4
GTCTCGTAGCAGGTCA	4	Clone4
GTCTCGTCAAATCAGA	4	Clone4
GTCTCGTGTGAAGCCA	4	Clone4
GTCTCGTGTTCCCACT	4	Clone4
GTCTCGTTCAAAGTGA	4	Clone4
GTCTCGTTCCCTGAGG	121	None
GTCTCGTTCTGCACTC	4	Clone4
GTCTTCGAGGGTCTCC	4	Clone4
GTCTTCGTCGTTACCC	4	Clone4
GTGAAGGCAACATGGG	4	Clone4
GTGAAGGCACGATGGA	4	Clone4
GTGAAGGCAGATATCC	4	Clone4
GTGAAGGCATACTGCA	4	Clone4
GTGAAGGGTTTCGCAA	29	None
GTGAAGGTCGCTCTAC	4	Clone4
GTGCAGCAGCTAGTGG	4	Clone4
GTGCAGCCAGAGGTCA	4	Clone4
GTGCAGCCAGGACCAA	4	Clone4
GTGCAGCGTGCAACCC	4	Clone4
GTGCAGCTCAAAGCGG	4	Clone4
GTGCATAAGGCCGAAT	4	Clone4
GTGCGGTAGATGTGGC	4	Clone4
GTGCGGTAGGGCCATA	4	Clone4
GTGCGGTCAATCTCTT	4	Clone4
GTGCGGTCACCAAAGG	4	Clone4
GTGCGGTGTCTCGGCA	175	None
GTGCGGTGTGGTGCAA	4	Clone4
GTGCGGTGTGTTACGT	4	Clone4
GTGCTTCAGAATGTGT	4	Clone4
GTGCTTCAGGAATGGA	4	Clone4
GTGCTTCCAACACTTG	4	Clone4
GTGCTTCGTCAAGTCT	116	None
GTGCTTCGTCGCCAAC	4	Clone4
GTGGGTCAGTATGACA	4	Clone4
GTGGGTCAGTCATCCA	4	Clone4
GTGGGTCCAACTAGTC	4	Clone4
GTGGGTCGTCAACCGC	4	Clone4
GTGGGTCGTTCTTCGC	4	Clone4
GTGTGCGCACAGCCAC	4	Clone4
GTGTGCGCACGCGATC	4	Clone4
GTGTGCGCAGGGACTA	4	Clone4
GTGTGCGGTCAAGCAG	4	Clone4
GTGTGCGTCTCGAATG	4	Clone4
GTGTTAGAGAACAATC	4	Clone4
GTGTTAGAGACCCACC	4	Clone4
GTGTTAGCAAGAACTA	4	Clone4
GTGTTAGCACGATAGG	51	None
GTGTTAGTCCCGCATT	4	Clone4
GTTAAGCCAAACCCTA	4	Clone4
GTTAAGCTCGATACAC	4	Clone4
GTTACAGAGTAGCCGA	4	Clone4
GTTACAGTCCGACGTG	4	Clone4
GTTCATTAGTAAGTAC	4	Clone4
GTTCATTCAAGGTGAC	4	Clone4
GTTCATTGTATGACTC	4	Clone4
GTTCATTGTTAAGATG	52	None
GTTCATTGTTCTCAAG	4	Clone4
GTTCATTGTTTCCTGC	89	None
GTTCGGGCAACTCCGG	4	Clone4
GTTCGGGCATGTTTCT	4	Clone4
GTTCGGGGTACCAGCC	4	Clone4
GTTCGGGTCATGTGAC	4	Clone4
GTTCGGGTCGTGCTAA	4	Clone4
GTTCTCGAGTCATCCA	4	Clone4
GTTCTCGAGTGGTAGC	4	Clone4
GTTCTCGGTCTAGCGC	4	Clone4
GTTCTCGTCAACAGCT	4	Clone4
GTTCTCGTCCTGATTT	4	Clone4
GTTCTCGTCGATTGCA	4	Clone4
GTTTCTAGTACTACAC	4	Clone4
GTTTCTATCACACGTA	4	Clone4
TAAACCGAGGACCACA	4	Clone4
TAAACCGGTTCGGTGC	4	Clone4
TAAGAGAAGCCTGATT	4	Clone4
TAAGAGACATAGACAA	4	Clone4
TAAGAGAGTCAGGTAG	4	Clone4
TAAGAGATCCATTTGT	4	Clone4
TAAGCGTAGACTGTAA	4	Clone4
TAAGCGTAGCTAGGCA	59	Clone59
TAAGCGTAGCTAGTGG	4	Clone4
TAAGCGTAGGTAAGTT	4	Clone4
TAAGCGTGTCATACTG	4	Clone4
TAAGCGTGTCTAGGTT	4	Clone4
TAAGCGTGTTGAAGGC	4	Clone4
TAAGCGTTCGTTGCAA	4	Clone4
TAAGTGCAGGAGCGTT	4	Clone4
TAAGTGCAGTTCGATC	4	Clone4
TACACGACAGTTTGCA	4	Clone4
TACACGACATCTCACC	4	Clone4
TACACGATCTGGGATT	4	Clone4
TACACGATCTTGCGAA	4	Clone4
TACAGTGCAAATTCCG	4	Clone4
TACCTATAGAACTTCC	4	Clone4
TACCTATCAACAGTGG	42	None
TACCTATCAATGGCTT	4	Clone4
TACCTATCACATAAAG	4	Clone4
TACCTATGTGGCCTGT	4	Clone4
TACCTATTCGTTAAGC	4	Clone4
TACCTATTCTGAAGTC	4	Clone4
TACCTTAAGATTGAGT	4	Clone4
TACCTTAAGCCAGTAG	4	Clone4
TACCTTAAGGTGTGGT	4	Clone4
TACCTTACACGTCATA	4	Clone4
TACCTTACACTCCCTA	59	Clone59
TACCTTACAGACACGA	4	Clone4
TACCTTAGTCAAGCCC	4	Clone4
TACCTTATCATGCGCG	4	Clone4
TACGGATAGCGATCCC	4	Clone4
TACGGATAGTGCCATT	4	Clone4
TACGGATCAGCGCATC	4	Clone4
TACGGATTCCAACGTA	124	None
TACGGGCAGCATGAGC	4	Clone4
TACGGGCCACATTGGT	4	Clone4
TACGGGCCAGAGCTCC	4	Clone4
TACGGGCGTCAACCGC	4	Clone4
TACGGGCTCGTAGCGC	4	Clone4
TACGGGCTCTGGCAGC	4	Clone4
TACGGTAAGGGTCGAT	4	Clone4
TACGGTAGTATATGAG	174	None
TACGGTAGTTAGCTCA	4	Clone4
TACTCATAGATTGAGT	4	Clone4
TACTCATAGGGATTCG	4	Clone4
TACTCATAGTTAGGGC	4	Clone4
TACTCATCAACCCTGG	4	Clone4
TACTCATCAAGCTATC	4	Clone4
TACTCGCTCGTGTCAA	4	Clone4
TACTTACAGACCACGA	4	Clone4
TACTTACAGCGTGAAC	4	Clone4
TACTTACAGTAGATCA	4	Clone4
TACTTACCAAGGTCGA	4	Clone4
TACTTACGTAAACCTC	4	Clone4
TACTTACTCAGAAACA	4	Clone4
TACTTACTCGCTATGA	110	None
TACTTACTCTGGTGAT	4	Clone4
TACTTGTGTGCTTCGG	4	Clone4
TACTTGTTCAGGTGAG	4	Clone4
TACTTGTTCCGACCAG	4	Clone4
TAGACCAAGACCTTTG	4	Clone4
TAGACCAAGTCCCGAC	4	Clone4
TAGACCAAGTGAAGAG	4	Clone4
TAGACCACAAGCATGG	20	None
TAGACCACAGATGAAT	4	Clone4
TAGACCAGTAACAATG	4	Clone4
TAGACCATCACTGCGG	4	Clone4
TAGACCATCAGACACT	4	Clone4
TAGACCATCCGCACGA	4	Clone4
TAGAGCTAGTGAACAT	4	Clone4
TAGAGCTCATTACTTC	4	Clone4
TAGAGCTGTAACCGAG	4	Clone4
TAGAGCTGTACCAACT	4	Clone4
TAGAGCTGTGACTGAG	4	Clone4
TAGCCGGAGCGTAGTG	4	Clone4
TAGCCGGAGGTGTGTG	4	Clone4
TAGCCGGCAGACTCCG	4	Clone4
TAGCCGGGTACATGAA	4	Clone4
TAGCCGGGTAGAATAC	4	Clone4
TAGCCGGGTAGCAGTG	4	Clone4
TAGCCGGGTCAAGTCT	4	Clone4
TAGCCGGGTTCTAGAC	4	Clone4
TAGCCGGGTTGCAGCC	4	Clone4
TAGGCATAGCGTCGTC	167	None
TAGGCATAGTGATGAT	129	None
TAGGCATAGTGGACGT	4	Clone4
TAGGCATGTAGCCCTG	4	Clone4
TAGGCATGTCTTAGTG	2	None
TAGTGGTAGAAGGCCT	4	Clone4
TAGTGGTCAATCGTCA	59	Clone59
TAGTGGTTCCTACTCG	4	Clone4
TAGTGGTTCGCAGCAC	4	Clone4
TAGTTGGAGATCCCGC	4	Clone4
TAGTTGGAGCAGGCTA	4	Clone4
TAGTTGGCACGGAATG	4	Clone4
TAGTTGGCATGTATGC	4	Clone4
TATCAGGCAACCCTGG	4	Clone4
TATCAGGGTGATAAGT	4	Clone4
TATCAGGGTTGGTGAG	4	Clone4
TATCTCAGTTTGTCAG	4	Clone4
TATCTCATCCGCGAGT	4	Clone4
TATGCCCAGCAGAGAA	4	Clone4
TATGCCCCAGGTGTGA	4	Clone4
TATGCCCCATCCCAAA	4	Clone4
TATGCCCGTCATCTGA	4	Clone4
TATGCCCGTTGAACAA	4	Clone4
TATGCCCTCCATTTGT	4	Clone4
TATGCCCTCTATTGCT	4	Clone4
TATTACCAGAGGCAAA	4	Clone4
TATTACCCAACGCGTC	4	Clone4
TATTACCCACACGTGC	4	Clone4
TATTACCCATCCAGGC	59	Clone59
TATTACCGTGGGAAGG	4	Clone4
TATTACCTCTCGAGCG	4	Clone4
TATTACCTCTTGCGGG	4	Clone4
TCAACGAAGATACACA	4	Clone4
TCAACGAAGCTATGCT	4	Clone4
TCAACGACAGTAATCC	4	Clone4
TCAACGACATGAATGA	4	Clone4
TCAACGAGTTGCACTA	4	Clone4
TCAATCTAGCGCGTCT	4	Clone4
TCAATCTGTACGTTCA	4	Clone4
TCAATCTTCTGTTGTT	4	Clone4
TCACAAGAGTCAAGCG	4	Clone4
TCACAAGCACATTCAG	4	Clone4
TCACAAGCACGAGCTC	94	None
TCACAAGGTACTTGCA	4	Clone4
TCACAAGGTCCCACAG	11	None
TCACGAAAGGTGCTAG	4	Clone4
TCACGAACAGCCAGTC	4	Clone4
TCACGAAGTACGTAAA	169	None
TCACGAAGTCCTAGTA	139	None
TCACGAATCACTTTAC	4	Clone4
TCACGAATCCCATGTC	4	Clone4
TCACGAATCGTCTAAG	4	Clone4
TCAGATGGTTGCCAAT	4	Clone4
TCAGATGTCGATACAC	4	Clone4
TCAGATGTCGTCCCTA	4	Clone4
TCAGCAAAGCATGAGC	4	Clone4
TCAGCAACAACTGGAG	4	Clone4
TCAGCAACACCTGGCA	4	Clone4
TCAGCAACATACGGTT	4	Clone4
TCAGCAAGTCTCCACT	4	Clone4
TCAGCAATCCACCTTG	4	Clone4
TCAGCAATCCTACGAA	4	Clone4
TCAGCAATCCTAGACA	4	Clone4
TCAGCTCCATACGGTT	4	Clone4
TCAGCTCGTAACGAGC	4	Clone4
TCAGCTCGTACCTAGT	4	Clone4
TCAGCTCTCGATAGTC	4	Clone4
TCAGCTCTCGCAACGC	4	Clone4
TCAGGATAGAGCAATT	4	Clone4
TCAGGATAGTAATCCC	4	Clone4
TCAGGATCACGTCATA	4	Clone4
TCAGGATCAGAGATCG	4	Clone4
TCAGGATTCACTCATT	4	Clone4
TCAGGATTCTCTAGTT	4	Clone4
TCAGGTAAGCTTTGGT	4	Clone4
TCAGGTAAGGCTCTCG	4	Clone4
TCAGGTATCAAGCCGC	4	Clone4
TCAGGTATCTCATGTT	4	Clone4
TCATTACCAATGGCAG	4	Clone4
TCATTACTCAGCGCGT	4	Clone4
TCATTTGCAGGCCTTG	16	None
TCATTTGGTCTTACCC	4	Clone4
TCATTTGTCCTGAAAC	4	Clone4
TCATTTGTCTGGGATT	4	Clone4
TCCACACAGCTATCAC	4	Clone4
TCCACACCATCTCACC	4	Clone4
TCCACACTCGGGAAAC	4	Clone4
TCCCGATAGCAGCGTA	4	Clone4
TCCCGATAGCTAACTC	4	Clone4
TCCCGATCAAGGCCCT	4	Clone4
TCCCGATCAGAACCAG	4	Clone4
TCCCGATCATACGGAG	4	Clone4
TCCCGATGTGTTACGT	4	Clone4
TCGAGGCAGATGCGAC	4	Clone4
TCGAGGCAGGATATAC	4	Clone4
TCGAGGCTCCGTATTT	4	Clone4
TCGCGAGAGAATTGTG	4	Clone4
TCGCGAGCACGACGCT	4	Clone4
TCGCGAGCACGATAGG	4	Clone4
TCGCGAGTCCTCATCG	4	Clone4
TCGCGAGTCGAACCCG	4	Clone4
TCGCGTTAGACTAAGT	4	Clone4
TCGCGTTCACGCACCA	4	Clone4
TCGCGTTTCCAACCGG	4	Clone4
TCGGGACAGAGTGACC	4	Clone4
TCGGGACAGCTGTCTA	59	Clone59
TCGGGACCAAAGTAAC	4	Clone4
TCGGGACCATACGGAG	4	Clone4
TCGGGACTCCACCCAT	4	Clone4
TCGGTAACAGACTCCG	4	Clone4
TCGGTAACAGAGGCTA	4	Clone4
TCGGTAATCTGCTAGA	4	Clone4
TCGGTAATCTTCCGAC	4	Clone4
TCGTACCAGACAGACC	4	Clone4
TCGTACCAGTGCGTGA	4	Clone4
TCGTACCCATAGTGAA	4	Clone4
TCGTACCGTATGCGGA	4	Clone4
TCGTACCGTCGCGAAA	4	Clone4
TCGTACCGTCGCGCTA	4	Clone4
TCGTACCGTGCATGAG	4	Clone4
TCGTACCTCGGAGTTT	4	Clone4
TCGTAGAAGAGACTAT	4	Clone4
TCGTAGAAGCCAGGAT	4	Clone4
TCGTAGAAGCTAAGAT	136	None
TCGTAGAGTTGCCAAT	4	Clone4
TCGTAGATCGTGCCTT	4	Clone4
TCTATTGTCGTTCGTC	4	Clone4
TCTCATACAGAACCAG	4	Clone4
TCTCATATCGTTATTC	4	Clone4
TCTCATATCTCGTGGG	4	Clone4
TCTCTAAAGGACAGAA	4	Clone4
TCTCTAACAGTGCTTA	4	Clone4
TCTCTAACATATCGTG	4	Clone4
TCTCTAAGTCTCGGCA	4	Clone4
TCTCTAATCAGGTGAG	4	Clone4
TCTCTAATCGCTATTT	59	Clone59
TCTCTAATCTGGGCAC	4	Clone4
TCTCTAATCTGGGCTG	4	Clone4
TCTGAGAAGCATGAGC	4	Clone4
TCTGAGAAGGCATGGT	4	Clone4
TCTGAGACACAGCTGC	4	Clone4
TCTGAGATCTAAGACC	4	Clone4
TCTGGAAAGAACTCGG	4	Clone4
TCTGGAACAATACTGC	4	Clone4
TCTGGAACAGCGCCAT	4	Clone4
TCTTCGGGTTACTGAC	4	Clone4
TCTTCGGTCAGCGTCG	108	None
TCTTTCCCACGATGGA	4	Clone4
TCTTTCCTCCTGCGTT	4	Clone4
TGAAAGAAGACAGTTA	4	Clone4
TGAAAGAAGACGCTTT	4	Clone4
TGAAAGAGTGTCCTTC	92	None
TGAAAGATCAGAGTCT	4	Clone4
TGAAAGATCCGCTGAG	4	Clone4
TGAAAGATCGTTATTC	4	Clone4
TGACAACAGAGAACAG	4	Clone4
TGACAACAGAGGGATA	4	Clone4
TGACAACAGATGTGGC	4	Clone4
TGACAACCAACCCTGG	4	Clone4
TGACAACGTGACCAAG	4	Clone4
TGACAACGTTGCACTA	9	None
TGACAACTCATGGTGT	105	None
TGACGGCCAACCCACG	4	Clone4
TGACGGCTCCTTCGCA	4	Clone4
TGACGGCTCTCGAACA	4	Clone4
TGACTAGCAGCCAGTC	4	Clone4
TGACTAGGTACGTCAT	71	Clone71
TGACTAGTCACGTATG	4	Clone4
TGACTAGTCGGTCACG	4	Clone4
TGACTTTGTAACGAGC	4	Clone4
TGACTTTGTTGGAGCA	4	Clone4
TGACTTTTCCAAAGAA	4	Clone4
TGACTTTTCCTTCGCA	4	Clone4
TGAGAGGAGAATTGTG	4	Clone4
TGAGAGGCAAGTGCAG	4	Clone4
TGAGAGGGTTTAGGAA	4	Clone4
TGAGAGGTCATCGGTA	4	Clone4
TGAGAGGTCGGAGTTT	4	Clone4
TGAGAGGTCTACAGCA	4	Clone4
TGAGCATAGAACTTCC	38	None
TGAGCATAGTTTCCTT	4	Clone4
TGAGCATCACTTCAGA	4	Clone4
TGAGCATCATTCTTGT	4	Clone4
TGAGCCGAGCCTAACT	4	Clone4
TGAGCCGCATACGGAG	4	Clone4
TGAGCCGCATGTTTCT	4	Clone4
TGAGCCGTCTCCTGGT	4	Clone4
TGAGGGAAGCAGTCTT	4	Clone4
TGAGGGAAGGGTGTGT	4	Clone4
TGAGGGAAGTCGCCGT	4	Clone4
TGAGGGAGTAATGACA	4	Clone4
TGAGGGAGTGAAAGAG	4	Clone4
TGAGGGATCCTCAGTC	4	Clone4
TGAGGGATCGCCAACG	4	Clone4
TGAGGGATCGGGCTCA	4	Clone4
TGAGGGATCTCGGTTC	4	Clone4
TGATTTCAGAAAGCTT	4	Clone4
TGATTTCAGCGAGAAA	4	Clone4
TGATTTCGTTAGAGCG	4	Clone4
TGCACCTAGATACACA	4	Clone4
TGCACCTAGCTGGTCC	4	Clone4
TGCACCTGTATACACC	4	Clone4
TGCCAAAAGCAAATCA	4	Clone4
TGCCAAAAGTTCGCAT	4	Clone4
TGCCAAACACTTGTTT	4	Clone4
TGCCAAAGTACGTAAA	4	Clone4
TGCCAAATCGAGCGTC	4	Clone4
TGCCCATAGACGTCGA	6	None
TGCCCATAGACTTGAA	4	Clone4
TGCCCATAGGGTTTCT	4	Clone4
TGCCCATGTAGGGTGT	4	Clone4
TGCCCATGTTCTTCGC	4	Clone4
TGCCCATTCTTGCTTA	4	Clone4
TGCCCTAAGTCACGCC	4	Clone4
TGCCCTAGTACTTGCA	4	Clone4
TGCCCTAGTGGGCCTT	4	Clone4
TGCGCAGAGTCGTGTT	4	Clone4
TGCGCAGCATGAAAGT	4	Clone4
TGCGCAGGTACTGTTG	71	Clone71
TGCGCAGGTCTTCGCT	4	Clone4
TGCGCAGTCATCGACA	3	None
TGCGGGTCAATAACAG	4	Clone4
TGCGGGTGTAACGAGC	4	Clone4
TGCGGGTGTGCATCTA	4	Clone4
TGCGGGTGTTCCACAA	4	Clone4
TGCGGGTTCCGCTGAG	4	Clone4
TGCGTGGAGGAGTACC	71	Clone71
TGCGTGGAGTAATCCC	4	Clone4
TGCGTGGAGTGAACAT	4	Clone4
TGCGTGGCAAGCCAAG	4	Clone4
TGCGTGGCACCCGTGA	4	Clone4
TGCGTGGGTAACGAGC	4	Clone4
TGCGTGGTCGTTACTT	4	Clone4
TGCTACCAGTGTCTCA	4	Clone4
TGCTACCCACTCATGA	4	Clone4
TGCTACCTCAGGACAG	4	Clone4
TGCTACCTCGGATGCC	4	Clone4
TGCTGCTAGAGATGAG	4	Clone4
TGCTGCTGTCATCTAG	4	Clone4
TGCTGCTTCCACTTAT	62	None
TGCTGCTTCTGTATTC	4	Clone4
TGGACGCAGCATCTTG	4	Clone4
TGGACGCAGTCGTACT	4	Clone4
TGGACGCTCAGAGTCT	4	Clone4
TGGACGCTCCAAGGGA	4	Clone4
TGGACGCTCCCATGTC	21	None
TGGACGCTCGCAACGC	4	Clone4
TGGCCAGAGCTAAGAT	4	Clone4
TGGCCAGAGTCCATAC	4	Clone4
TGGCCAGAGTTAGGTA	4	Clone4
TGGCCAGGTAGGTTTC	4	Clone4
TGGCCAGGTGCTATTG	4	Clone4
TGGCCAGTCTTCACGC	4	Clone4
TGGCGCAAGAAGCCCA	4	Clone4
TGGCGCAAGCATGGCA	30	None
TGGCGCAAGGCATATA	157	None
TGGCGCAAGTAGTGCG	4	Clone4
TGGCGCAGTTCGATAC	4	Clone4
TGGCGCATCGAGGAGT	4	Clone4
TGGCTGGAGTGCTGCC	4	Clone4
TGGCTGGCATGACTCA	4	Clone4
TGGCTGGGTCAAACTC	4	Clone4
TGGCTGGGTCAGTGGA	4	Clone4
TGGCTGGGTTTCCATT	4	Clone4
TGGCTGGTCGGCACCA	4	Clone4
TGGCTGGTCTAGAACC	4	Clone4
TGGGAAGAGTACAGTA	4	Clone4
TGGGAAGCAGGGAAGG	4	Clone4
TGGGAAGCATAGAGCG	4	Clone4
TGGGAAGTCAGGACTT	181	None
TGGGCGTCACGGCTGT	4	Clone4
TGGGCGTGTGGTGAGT	4	Clone4
TGGGCGTGTTTGGCTA	4	Clone4
TGGGCGTTCCTCTGCA	4	Clone4
TGGTTAGAGGCGTTGA	82	None
TGGTTAGCACCACATA	59	Clone59
TGGTTAGTCTGGCAGC	4	Clone4
TGGTTCCAGCACAGGT	4	Clone4
TGGTTCCCACTTTCCG	4	Clone4
TGGTTCCGTCTCGAGC	59	Clone59
TGGTTCCTCAATAGAG	4	Clone4
TGTATTCCACCAAAGG	4	Clone4
TGTATTCGTTTACTCT	4	Clone4
TGTATTCTCCCTGAGG	4	Clone4
TGTATTCTCTTAAGGC	4	Clone4
TGTCCCAAGAGGTTAT	4	Clone4
TGTCCCACAATCCTTT	4	Clone4
TGTGGTACACTTCTTA	4	Clone4
TGTGGTACAGATTGTC	4	Clone4
TGTGGTAGTGATGTTC	75	None
TGTGGTATCAGACACT	4	Clone4
TGTGGTATCAGATTCG	4	Clone4
TGTGTTTAGTGCGATG	4	Clone4
TGTGTTTCAACCCTGG	4	Clone4
TGTGTTTGTCAGAAGC	4	Clone4
TGTGTTTGTCCTAGTA	4	Clone4
TGTGTTTTCGAACCCG	4	Clone4
TGTTCCGCAGGACCAA	4	Clone4
TGTTCCGCAGTGAAAT	4	Clone4
TGTTCCGGTACCACTA	4	Clone4
TGTTCCGGTAGGCTGA	4	Clone4
TGTTCCGTCTGCTGAA	4	Clone4
TTAACTCAGAGCGAAA	59	Clone59
TTAACTCAGGTATCGG	4	Clone4
TTAACTCCATGAAAGT	4	Clone4
TTAACTCGTAAAGTCA	4	Clone4
TTAACTCTCTTCTAAC	4	Clone4
TTAGGACCAAAGCGCA	4	Clone4
TTAGGACGTCGGATGA	4	Clone4
TTAGGACTCACCACGG	4	Clone4
TTAGGACTCGCACAGC	4	Clone4
TTAGGCAAGCCCAGCT	4	Clone4
TTAGGCACATAGAGGC	4	Clone4
TTAGGCACATGGCTAT	4	Clone4
TTAGGCAGTACAAGGC	4	Clone4
TTAGTTCAGGATCCTT	148	None
TTAGTTCGTGGCGTCT	4	Clone4
TTAGTTCTCGTTAGGT	4	Clone4
TTATGCTAGGCATTGG	4	Clone4
TTATGCTCAGTGAAAT	4	Clone4
TTATGCTGTATGACTC	4	Clone4
TTATGCTTCTGCTACC	59	Clone59
TTCCCAGCAAGGGATC	4	Clone4
TTCCCAGGTACCACTA	4	Clone4
TTCCCAGGTCTTCGCT	4	Clone4
TTCCCAGGTGAAAGAG	4	Clone4
TTCGAAGCAGGTACGA	4	Clone4
TTCGGTCCAACGAAAT	4	Clone4
TTCGGTCGTCTGCCAG	4	Clone4
TTCGGTCTCCCGCATT	4	Clone4
TTCGGTCTCTCCACAC	4	Clone4
TTCGGTCTCTTTCGCG	95	None
TTCTACAAGTGTGATA	4	Clone4
TTCTACAGTTATGCGT	4	Clone4
TTCTACATCGATAGTC	4	Clone4
TTCTCAAAGCTCTCGG	4	Clone4
TTCTCAATCCGCGACA	4	Clone4
TTCTCAATCGCGATGC	60	None
TTCTCCTCACCTGCAG	4	Clone4
TTCTCCTTCCAAACCA	32	None
TTCTCCTTCCGCGACA	144	None
TTCTCCTTCGAGTTGT	150	None
TTCTCCTTCTCAGATG	4	Clone4
TTCTCCTTCTGAAGTC	4	Clone4
TTCTTAGAGCTGCCCA	4	Clone4
TTCTTAGCAGATATCC	59	Clone59
TTCTTAGTCTAAGGAA	4	Clone4
TTCTTAGTCTACCGAA	4	Clone4
TTGAACGAGTTGTAGA	4	Clone4
TTGACTTAGCGCGATA	4	Clone4
TTGACTTCACATCGAT	4	Clone4
TTGACTTGTATGACTC	4	Clone4
TTGACTTTCGAAAGGC	4	Clone4
TTGCCGTCACTTCAGA	4	Clone4
TTGCCGTCATAGAGGC	4	Clone4
TTGCCGTCATTTGCGA	4	Clone4
TTGCGTCAGATCCTGT	85	None
TTGCGTCAGCAAAGTT	4	Clone4
TTGCGTCAGGTGATTA	4	Clone4
TTGCGTCCAACGCTTA	4	Clone4
TTGCGTCCATCGCACG	4	Clone4
TTGCGTCTCACCGCGA	106	None
TTGCGTCTCGTATCCC	4	Clone4
TTGGAACCAAACCGAG	4	Clone4
TTGGAACCAGCATGTT	4	Clone4
TTGGAACGTCGCAAGA	71	Clone71
TTGGAACGTGCAACCC	4	Clone4
TTGGAACGTGCATCTA	59	Clone59
TTGGAACGTGTAATGA	43	None
TTGGAACTCGTTCGGG	4	Clone4
TTGGCAAAGTGTACGG	4	Clone4
TTGGCAAGTCAAACTC	4	Clone4
TTGGCAATCATATCTC	4	Clone4
TTGTAGGCAACAGCCC	4	Clone4
TTGTAGGCACACGTGC	4	Clone4
TTGTAGGGTCACCGCA	4	Clone4
TTGTAGGTCGAGTATC	4	Clone4
TTTACTGAGACGCACA	4	Clone4
TTTACTGAGCGATCCC	4	Clone4
TTTACTGGTACTCACA	4	Clone4
TTTACTGGTATTGAAG	4	Clone4
TTTACTGTCTTGGCCT	4	Clone4
TTTATGCAGACCTAGG	4	Clone4
TTTATGCAGGACCAGT	4	Clone4
TTTATGCAGGTCGGAT	4	Clone4
TTTATGCAGGTGACCA	4	Clone4
TTTATGCCACCTCCAT	4	Clone4
TTTATGCCAGGGACTA	4	Clone4
TTTATGCTCACGCGAC	4	Clone4
TTTCCTCAGGTGTGCA	4	Clone4
TTTCCTCCAACATAAG	4	Clone4
TTTCCTCCACTCTTAT	120	None
TTTCCTCTCCAAGGGA	4	Clone4
TTTGCGCCAACGCCGT	4	Clone4
TTTGCGCCACAATCAC	4	Clone4
TTTGCGCCACATAAAG	125	None
TTTGCGCGTGCTATTG	19	None
TTTGGTTAGACTGGGT	130	None
TTTGGTTAGTCTCGTA	4	Clone4
TTTGGTTCACTTCAGA	4	Clone4
TTTGGTTCATAGGACG	4	Clone4
TTTGTCAAGCCAGTAG	4	Clone4
TTTGTCAGTAGATGCG	4	Clone4
TTTGTCATCATTGCTT	4	Clone4
TTTGTCATCGGCACCA	4	Clone4
TTTGTCATCGTTCGAA	4	Clone4
